d			
d	fantdma		
d	fantgpu		
d	fantpmbus		
d	fantpower		
d	fantsmmu		
d	fantsrvkm		
d	fantsrvkm/include		
d	fantsrvkm/include/configs		
d	fantsrvkm/include/cores		
d	fantsrvkm/include/km		
d	fantsrvkm/include/powervr		
d	fantvpu		
d	tools		
d	tools/gpu_info		
d	tools/kernel_api_support_test		
f	Kbuild		d9f7f3459abcceb5ca686a926fe73b5ba70be543e84f02d870333ce2920e57e0
f	Makefile		2d655765af58ca0532692c9e93629b35815540f7bbdda7f9363ff58379fe46c2
f	cfg_detect.sh		fb44433928f749cc973de19673327aaae701e93298d5eba31012b674936bb18d
f	dkms.conf		f33ace8c9a1532f963dcadc2681accce314a40d5e0df880ac7cfc5eedb210c7c
f	dkms.post_remove		86ff0bdd5e9b68cdb7cae0b3f248b3395b885527acd86963c9ba6848aeaad18a
f	dkms.pre_install		ad2147c4a920275c4beff690f8966c695f9f4917c73ca079148a7048243731ae
f	fantdma/Makefile		e7eead8c0b2c9f7d154a02f8e81105eacf44b68ddf7120c8973110dbaf8af15b
f	fantdma/axi_dmac.h		33d6a7ceaddf90b127297a51c1296cc4c22e1ad047f6b9d710c64e664e1636b7
f	fantdma/fant_axi_dma_drv.c		447961bf3fedeb7d2f7a62a37745050da791b975dac29ce83d13ee4abdc24e79
f	fantdma/fant_axi_dma_drv.h		3d9b95f9484bed685b66fa436f4543937d81b01056363e2dd2b9f177cdafd867
f	fantdma/fant_dmaengine.h		44b7df06424a8324cd644f9a7b864e4269e3f98fcc3bbb64f3f2cb4bb14ad8a2
f	fantdma/fant_pcie_dma_drv.c		a774b476de613907e4bc16c23dd73f1d596864a9839f4141e9557bf2e406071e
f	fantdma/fant_pcie_dma_drv.h		d27ebac85f79440364cd5381e5c26f090f8fcc60bd366d991f97d21251b6472d
f	fantdma/fantdma.h		7ce3ce25a9af87c5c26b8a9e33285c23a5b33965bc1d999ac815908fc3402019
f	fantdma/fantdma.o_shipped		6dfd691ac1895f47ad5eaae3556b5360bae0cb62eb18d220f87fdfa2a3cae230
f	fantdma/fantdma_debug.c		c3dd0285d372af4fddfb75b17bbc4d99543c509f0b5208a97b010c55ce108075
f	fantdma/fantdma_debug.h		d1aad6c24f084a1cc37c02e6ea2661b0629b85018300d7e9277cba0f681b2cbb
f	fantdma/fantdma_drv.c		2b192de92892684bff32f1f10ef06bb46462e086f2d822950c3e87f44e9cc311
f	fantdma/pcie_dmac.h		440507b52d864350c2dbeb6c45a6c279daf229fcb37f08d0d473f4fddbedfa2a
f	fantdma/utils.h		29efc8ac581f14a9bebe397e632f7ba4af60bb2c719d2851ec20ac2d1ec04522
f	fantdma/virt_dma.c		3a8337ee8034bbf52922e5901963a5beab30ee6cfdbaf6575a65ea0f80e50ee6
f	fantdma/virt_dma.h		40a888951b988caeb8c38d01864f6be724d9cc32f23b8a868d51e9cfbc4dcc36
f	fantgpu/Makefile		31119616717e9186e13781a4ad3c123f91e0f548efbb27d952d609a04cfa0b88
f	fantgpu/compat_kernel6.h		79a5de5055a6b4796374265f9ee2170934d21ec8682c59c52cf13d436ad84360
f	fantgpu/fant_audio.c		f31e32d07fd908873f285458b902bf67c0d4e935230a8368fde53befa5e0a4c6
f	fantgpu/fant_audio.h		2a2af4bcef9763feae5403bc921fe6660ba7af88278c14d652d372c2d6ec10fa
f	fantgpu/fant_check.S		7fac7388fe0032919c28537ddbc99ea06431a15a8fcf00403f85e10e06039e62
f	fantgpu/fant_cpumask.c		93a86b1ffbaa8174f54c3c9c1a5a56bd9d391d29a19dea1fcac7ba6867bd8b86
f	fantgpu/fant_cpumask.h		101cdd8fb85f70f013007b013da047884c808d1d29a1ad912cd13c1290379742
f	fantgpu/fant_debug.c		1642be4800ffc7b0540925052aa5bd4fa90fc237628123f3f85faff0e938754d
f	fantgpu/fant_debug.h		7140925080590a2d885c1d6630a2bbdc501a2d6393d479c9c2e5bdd84edd97e8
f	fantgpu/fant_dma.c		384cdec8c11c47fc3bfa9dfa0635c5d377f23a06a2a09b75d0dd8de3b03e0e0d
f	fantgpu/fant_dma.h		0b2594c51e38fa6b34fc101e5c1776a48cee9c3492e9217ba667a6c578868fa9
f	fantgpu/fant_dma_buf.c		b9783c31cd16c00a1f39b201de95660a210cb0265fde6250705b8f0a8a98bdaa
f	fantgpu/fant_dma_buf.h		f7389029f1ffce926efa58bdb262a6c4332a4761dbe095c8fc0feb7527db806b
f	fantgpu/fant_drm.c		381bfce12a1b6f122f3a8d396135f8b1f539f6dee534db575cd417864655e2a8
f	fantgpu/fant_drm.h		ebb865616891ae85b31f5b6df7f1f53aa029ab37ab04865a47f4a8d794ffd2b0
f	fantgpu/fant_drm_mode.c		01ff71321b0bfdeab1250b595e4da4cea0583ce0518d0f36735542f765050113
f	fantgpu/fant_drm_mode.h		98bb5cbdc69dbfeffaca5d926bb02de319f3c4e593ec1a2211455ce031fc7d52
f	fantgpu/fant_fence.c		a9af60b9b3136af003ddd7b6c5abd3f41d7d8000e7da4648376408781e5d7610
f	fantgpu/fant_fence.h		8494ad5a75fceae247cbfeb80413b995d29512a04c6608d18a528f86e09de4e5
f	fantgpu/fant_firmware.c		d1bd028055372780f11be01c24bc9f7b49851a7f2f51b4a1ab12100961793c34
f	fantgpu/fant_firmware.h		f2ad4e62846450dbb6a275dea96459ce5202a2706d1e4cffd37687f2e6335fc2
f	fantgpu/fant_fs.c		cd593645a954f7af338f9991d6340ed92512cc09132044280f41e22eaad27bdd
f	fantgpu/fant_fs.h		bacc53b07d6cc5fc4df51f7d652a6e66a01f5dc7a9781c741dfb7b01fea500c5
f	fantgpu/fant_idr.c		b44d74e337ea1197ecf4b28969230b0eadd3a50a5f3ba8deaa0afe5a4ed7cdcc
f	fantgpu/fant_idr.h		89cdd64665e163b616eb555cdca33ff80d4819139bfad4810b66610487e63fd2
f	fantgpu/fant_insn.c		279b1beeea600b4a28986cee8cbb4bc3ca8f2f16d6c67e1329d1aa738630420c
f	fantgpu/fant_insn.h		3373ad57a297a63c2ba3ebc23d55a2923f6be2c3406bde1cb950db6dd0e0e338
f	fantgpu/fant_interrupt.c		60a6cee3608f140d7959c7a5d1315a306c96e39414685a4561366796cf3bb510
f	fantgpu/fant_interrupt.h		23ec9267b20aac395cfb2562743caa2907f8e54ab0626040243cb42c0c7b1001
f	fantgpu/fant_io.c		4f3e8e658124d63d65e049b955ac22283a1a94c944a546eb541d1364df978fbe
f	fantgpu/fant_io.h		062ebc9ee270735830780aad748df587e55ae1b8b05c6008a7b0b187c981123a
f	fantgpu/fant_kernel_hook.c		d83db3a292876198379d623624647c2f914409749fc5b8f4b9548e542ae7a760
f	fantgpu/fant_kernel_hook.h		4669b59827150413698b1dd6968c21dbd44846f8f612fa82420e8309ff30a697
f	fantgpu/fant_lock.c		dda0186b3b6171a40aeb0582eb9b1bee49d72888f906d5d05a7779b8244208a7
f	fantgpu/fant_lock.h		299067cfe28455801797d33492f0e3cdfc935c7525a85db9026e25eb494cc2a7
f	fantgpu/fant_math.c		0aed82073c000773d3ae462c809fe857927dff0bd259723e64caabbf5df5c1d8
f	fantgpu/fant_math.h		bd04a4889d5225ffcf2a6ef63f7522434c68cd4a77fec533b849c5a688c2c680
f	fantgpu/fant_misc.c		1817ef7f066574cdef55c159bdcdcc35c8ee56ffa5a9cdb84cf40d3f1772ab23
f	fantgpu/fant_misc.h		7df8c608c5fafa353e29f21084eace3d443ea2d124f5dddfa2b09c72057308e8
f	fantgpu/fant_mm.c		ee3a41ad5ccc382007283ab899c62929d70cf0884acffe0ccdae64c7690e61a0
f	fantgpu/fant_mm.h		50cbabe6fe31cc8728c978ae3634826bc3b8c679b063edc8900560436367d348
f	fantgpu/fant_mtrr.c		68ba897da1d52d620587235b52759aedce617ffffcadd9d16d9c611291422b9c
f	fantgpu/fant_mtrr.h		dc4525000bb7054dd61c3f5d352c8c5d772f07590013a6bec5d6f08fd4abeaac
f	fantgpu/fant_pci.c		9513252aa4d913f3946b22a0e99baa29eb85949f0ffd61950e62480afbdb656b
f	fantgpu/fant_pci.h		ce1b4fc8129b0ffbcc19dd3f2ecb3de3d241e41ea9aa8b7788d305ea43eae717
f	fantgpu/fant_plat_dev.c		3650e3f35532d5d72bfd40028f463dd7671c9816332a806de0102aa9c77e39a8
f	fantgpu/fant_plat_dev.h		ceaf00f89e90067562db3b41c89fad5ccd3d59018c8618de8beee2fa5926162b
f	fantgpu/fant_pm_runtime.c		471fdc5b048b320efc715a42830e5b25472544d85bca9d696291513ae72eef10
f	fantgpu/fant_pm_runtime.h		7f8c087116eb50ca99327e5058fd01bdfd90fc7c71356c78bd812b401d6f6fd1
f	fantgpu/fant_srvkm.h		2d84f48253207a0403f4dc798b3dc2e1a019b840ce5c8489639a7700aeef0b79
f	fantgpu/fant_stackprotector.c		47ee20542f130406b52b2e48992408e041a09fbcd3572805df49db03eb68b2c7
f	fantgpu/fant_stackprotector.h		7149b577114c99e4517b913d5bc2f0143dac0b2f13e075c594292827d2cf6a53
f	fantgpu/fant_task.c		118045fcdc860f0bc53bd00284d28e91e9512959df67072dd5028f40f47731f4
f	fantgpu/fant_task.h		8f023af3efa629ebb92fd3babf50ab78f7a27ebe34f2185006e187c03b62f702
f	fantgpu/fant_timer.c		3e39753b7ed001ac35c13f2c0ab6d14ccbe843cbc7d434d3398f9c2704391cb5
f	fantgpu/fant_timer.h		d080fd5e9310ebcc06f51a3e5b0bd58d659d875b6914f99a67b7a8a0cb2de194
f	fantgpu/fant_uaccess.c		92ca1f1e35294d3b908eb564cbbdffb8b8e749f7b19a59e78dd18a286c899936
f	fantgpu/fant_uaccess.h		a1cdb0f9e0423deab748e409dd4c7723620dc6fe6380babe107e1c69effc7a6c
f	fantgpu/fant_uuid.c		c33d1b39c0d5f1417a219c1ae9eb30b809ac6745b3cf66b406746e032d073e06
f	fantgpu/fant_uuid.h		6f9cb4c59f4b9d3187e5b6d026f0575017a38a386fa1b4b4326cc7c491f00235
f	fantgpu/fant_waitqueue.c		1c3a2f8cb53d5dbae353bac08dac11f54de6a1b08d6641e4b29cd890f84908d5
f	fantgpu/fant_waitqueue.h		1cccc587e5aec7bbe3d732905a007cc87d046ba2001aaa59e5e8cea423567442
f	fantgpu/fantgpu.h		c073139db0f70539a84278dc94d1ba067904694e46d491d179760d5d73901c90
f	fantgpu/fantgpu.o_shipped		bc2af0729b3eb1b3f25fe7487b4ffa808cb91cbd71ac3a9faa75fb284e4eb1e2
f	fantgpu/fantgpu_ion.h		49a6e3117ad931e47bd503105676a05066773c65dc5b5fee0f23b19d0685568b
f	fantgpu/fantgpu_pci_drv.c		06d34418c9c85309487c7d068fc6c41a89c8dddc5dfef349d5d21009741b05a3
f	fantgpu/fantgpu_pci_drv.h		403a0500f8d5c739166d5f58301a8c37cf39f1dce6d3c40b3ee31d3569567d64
f	fantgpu/fixup_alignment.h		e6a05d255bbc110a56aeede2a9202419f464e8fe375b0e31f172c622bebdef8b
f	fantgpu/fixup_pcie.h		a1ef94ccf5c6acf3625997549057b49b31cb8fdb854517e9dbe2806fc244df79
f	fantgpu/hal.h		00c37fd0d1f2b0bb3ef6cf8bb5e077fa61dcc6d4f539c1eb7f15aff7f8527efd
f	fantgpu/hal_bind_numa.c		7bb2d84e93700e0b7d6b39efae21503f2c892261bc91de9817022dad1d355d77
f	fantgpu/hal_bmc.h		c37a083c1d27a535f4f710161ecdace205e975d111198d28f6fe74ddd8cb8f99
f	fantgpu/hal_dma.c		ce18dcd12904ed36d3688bd04c0debef2f688a10ade4bb32a1528b5d109dcb93
f	fantgpu/hal_dma_errors.h		17ea39b3b67a0ece9722675385143d74e31ae318913b2abfe1514a6ecd6ffc46
f	fantgpu/hal_interface.c		c59b7d5981c2b317c8c3ebe9086dfb28deee7202668c5bb6da082504c3bfbf2d
f	fantgpu/hal_interface.h		c1cda95930e1148ef0ae2b45703585ce37eb38309cbee1312ac2d763314c927f
f	fantgpu/hal_power.c		25eaa2bf70d9d57c0e5534e0c4f34bf3971ed49ae2de9593641332336b65e800
f	fantgpu/ion_lma_heap.c		f06eea5e55906885bffc867ec571a260f147ac2efb10974a69fa75df14c4ccdc
f	fantgpu/ion_lma_heap.h		2a56d31412c99bfa35e49376142bda3fbb1d2b008285e81fa02b526725b3312b
f	fantgpu/kernel_compat.c		d36d592493996e98d4bdcf39099fa07699ecc308e74e6e6865526fd42496ea2c
f	fantgpu/kernel_compat.h		b42f02886341ecf103e9fc2de43547d899025b8f983288333b07528d4293f2ba
f	fantpmbus/Makefile		69a9d1d654b809977fc59057afc3986890cafd8a95e5983aa01001caa6a22600
f	fantpmbus/fantpmbus_drv.c		9e73ae191a936eb380ba874115c994edf038e5c1cdd2b2d83b4906336ba485e8
f	fantpmbus/fantpmbus_drv.h		34ff020c20bb2285b0e4349e592d8ef780cdfae9e20df823700a445fee62a851
f	fantpower/Makefile		25caad6cec3d6f34b7b0ee8cd2fdcc6fc0a7d52e5c34a0b1a2e3cca581f72442
f	fantpower/fant_devfreq_gov.c		347d515d714387abcc0d46d29a673d6dcac902e9d83ea65f7b00d4b0ed054c7e
f	fantpower/fant_devfreq_gov.h		3163d82443537f5c1585a73e4756d15e76ddac5e95faf570ee0439ede0c35382
f	fantpower/fant_gs8601.c		e3ee3b73b7c686e59d4e98cd3cd8ed450808a31c38fabec90aa1df981276f80c
f	fantpower/fant_input_event.c		5d8ed937c2b598e1c89ab2d5e4b2a990052de57e13f85e2ac221e09e94366d7e
f	fantpower/fant_input_event.h		5c6ac2bb898ae6a142a951b84fd0205f4b1171ed11c4ce04c665e2a58420b917
f	fantpower/fant_is6608a.c		b52a6458e82b506285b7a1992bdb4800a457818ab7af22726d726bc3b9c6d362
f	fantpower/fant_mp2979a.c		f4607876e8cb49b12433d0ad919d0c129afb4d5e2ea6aca1b57d83153d948270
f	fantpower/fant_mpq8645p.c		532024afca6c22659cb9d76e05aa4337337cbe596d58097388b4ae0fcb306d0d
f	fantpower/fant_virture_chip.c		606dbd98fabd9b01f678aea9fe4ee18cc445fab3a3d5e0930a2759eb59433031
f	fantpower/fant_xdpe12284.c		1ec0d0360892b162e7406c7a826095b52b86ba40bf8a285de8abbbd59ad99e59
f	fantpower/fantpower.c		08e1d9d5b079520ae5876885c03e5f6b128ab42ff970394451e5660d38666c57
f	fantpower/fantpower.h		985ef80b784e6bc855b545d062df6b788ab97c312b8ac58323a9bc466096d62b
f	fantpower/power_hw_info.c		314083db7eb7d7b68348e20eb019dce70d667aa31bc678e5c6baa4e58493a3fc
f	fantpower/power_hw_info.h		6a935e92ffb64e51faeafe8193c3205e2933aacbff7399ae5cd6a6cce77a9b5d
f	fantsmmu/Makefile		97e76b076f060af99f8328b5c0d59e635f1ef5e1b485823d9a7465ac83cb60da
f	fantsmmu/fantsmmu.o_shipped		d26f15e1b93cc1fb5cf361246e0f5dae59f419c73f08dcfcf54b23b26e02a3bb
f	fantsmmu/fantsmmu_drv.c		af5165cb5e4245e6d7366aba0912b1536b32ba4f1ad7866d358b15f095a006cc
f	fantsmmu/fantsmmu_drv.h		c72fcbad69527031c8aa8fa5014776ecf1833724518771aec3400aefa244a9f2
f	fantsrvkm/Makefile		937e684feb4f4820f4032796321a7af27d3e9f7ec5d5cdeca3551aea70e93fab
f	fantsrvkm/config_kernel.mk		85d0378fe89d806da2e3d6896c97245e2a6630275732bef81447173ae67226c3
f	fantsrvkm/event.c		a07a52ccef2451d7241607015d6cb3b881c55e26399f10aae52bb13e12faa6b0
f	fantsrvkm/fant_apphint.c		2cec1323fb25e8a6adaa7e411f85105ed814e90a21a4835f1070e50cfc7e35dd
f	fantsrvkm/fant_debugfs.c		c96ec024503036baf2882bfa7333c79270d0f989638530a84dd2cdd96dfc9410
f	fantsrvkm/fant_ft_spec.c		cc75b68a99fc213996fa616b67ba8c8bb92aa1fa59f09ddeeb44d3e25056fc56
f	fantsrvkm/fant_physmem_dmabuf_helper.c		e29c570c959e502428d5a297df0843d9d96a2dae4d2657d21db531bee0d20565
f	fantsrvkm/fant_pmr.c		f7493c6455b941b288057b5dfba8297ec8899201a19b5687aa2b865c41c09b2b
f	fantsrvkm/fant_trace.c		2678bc3cad3f9fd3d2daf579b80967cfc46b649b1a2681a9923a4a4305f1dab2
f	fantsrvkm/fantaudio_chip_common.c		d2d3f12a6fb6dd0176f1ac5924482cc9327ab0b7f859b9427f603df1e01d3b1b
f	fantsrvkm/fantaudio_drv.c		a37c6560a2534933dea7baf5f12da1f3b7736b280543070cbb083287cd4d2f31
f	fantsrvkm/fantaudio_print.c		e6b57bf0ea639b3a5c9c516f0e55717c73d77e57fc8b39162200d8039dba04c3
f	fantsrvkm/fantdpu_audio_api.c		6e548663ef247c87688d73cc6c5c688b0861dfb77bbb445201d8f76af46809b8
f	fantsrvkm/fantdpu_common_drm_panel.c		3c43dd6c460fa23a7ecf304ba99fdd648f51021ea502968af71c574aa26dcd0d
f	fantsrvkm/fantdpu_compatibility.c		9bd904c09a2122753b301a0c02e3a649ac9b6287e8129f0999cbeaf0fed8d0ba
f	fantsrvkm/fantdpu_connector.c		4149e13ee9f3e0b21b571a585be489caf4d90800223170a2ebcccd63305c78a0
f	fantsrvkm/fantdpu_dp.c		3515fb5560883bb2146dab4bb0072c1553647d8b8b94168e483b53628d0a5f6a
f	fantsrvkm/fantdpu_dp_audio_api.c		46612c2d951e2fbfa0afbd4a18ecdb6c3b1750ab3cee53839994de9dac12d9e4
f	fantsrvkm/fantdpu_dp_common.c		ec7807a84de1b6a8284b694de273255a5d57694600173ff74633efeb93f1083b
f	fantsrvkm/fantdpu_dp_debugfs.c		38e72d613e8caa6164076275b88d77f552e1c2cdebd560f3905a6b058f327284
f	fantsrvkm/fantdpu_dpu.c		2267aba7d6661e6d0d627cd52c0de9e19cd25d517ab35a123f6390e4f95a7928
f	fantsrvkm/fantdpu_drm_debugfs.c		28902c65a849a0ba4ee572cc70b8131154717292b3854e511f4ef75ca94e31fb
f	fantsrvkm/fantdpu_drm_drv.c		2014d57c49407d88013f6353ab60f73e2731e8c82990541bf2a8e08145c0ed12
f	fantsrvkm/fantdpu_drm_fb.c		6d77723b5826af66169ef1e1e106e2be3a4326ce835d435abe3d2f47fe2103ba
f	fantsrvkm/fantdpu_drm_gem.c		21e5f89d7ec92b2115f3d67a950490af0fb44c87a9722483221a92d6ee1a2c08
f	fantsrvkm/fantdpu_drm_modeset.c		4c1adead2a5ec0ac001515958fb30d5d0f4da8cbcb7954a7df85c0875cc98a77
f	fantsrvkm/fantdpu_drm_pm.c		93e2d8db4f03448fb055fbddb7e4599e645fab4ca3d9cf291e5e1de30ac8652c
f	fantsrvkm/fantdpu_hdmi.c		e3e897a87e7949e591d9553c609c9c9b8c00a2fb6bd90b171c5858da129c2106
f	fantsrvkm/fantdpu_hdmi_audio_api.c		32396e4fedbbaf84740534e2596522a875aa12c8b40333073802bcb0025fe118
f	fantsrvkm/fantdpu_hdmi_common.c		498b2f2d6726685fbf3185e6a0f7b9de3b54b5f53b23a66ff2369f72d0efb605
f	fantsrvkm/fantdpu_hdmi_debugfs.c		ba68a9a568dec628d19ef4dc9a2246094fb3a31e6ac66af487a44375beed2c0e
f	fantsrvkm/fantdpu_module_param.c		2214c2c4c1ea8df3a1b3d8d46f194f8a276292e5a3b53f6ce541443581d3664f
f	fantsrvkm/fantdpu_panel_backlight.c		7f866944f6ca4a6355dc01b6cf6f133f4f7cac9fccdb07181d8f31f0655244c5
f	fantsrvkm/fantdpu_panel_pwr.c		1168a807f7d74b01dbcf144606d80c3c3add8f83d40646c218457b6fe31e024e
f	fantsrvkm/fantdpu_parse_edid.c		3d7a91676ae92d407d4fd270ed26bbc4eb0025678c5062b61a0b33efb0c1ee23
f	fantsrvkm/fantdpu_pmbus_fpga.c		0ddd6c4db89ade457349383b5e9a051250609a6654d3ec567f73c0c0c207ba04
f	fantsrvkm/fantdpu_vga.c		ccc6fc562c1323e0297744916b09ccd2abfa5d586fb7fd450ff52655a4f86799
f	fantsrvkm/fantdpu_vga_debugfs.c		2c6ff4278fa076f52da413f6318bea9511f960be762d90aab8c4e306bcab6f38
f	fantsrvkm/fantdpu_vkms.c		32f9c7084d0e9192063777f40091c22ced74d8807d2fa54f4d8278edbef519c0
f	fantsrvkm/fantgpu_drm.c		b22f01cd7e889d79d8a67e3ea0bd1135b6d8fb3d61d26c330e11594955d3a4cf
f	fantsrvkm/fantsrvkm.o_shipped		d0c83970afa9d5ae22dee889f83b371b9614ef57a088adc7cbcbd4f3c48d71f7
f	fantsrvkm/ft_bridge_k.c		67608994c00a6d476bf7df2de102e3003777fae0b0122715487e0189f63f1523
f	fantsrvkm/ft_buffer_sync.c		4e04e005aa1536963695c450b00416bca608ab9232eef0f13504fda705aba516
f	fantsrvkm/ft_counting_timeline.c		74b2e4d0edb057681082eeb04a8be8a8d2a940cbebd06afd7f4025d2b8161c1f
f	fantsrvkm/ft_debugfs.c		72a2f69e0de2540b0d1ad613355fd95a3ddb55e4d3e27503a80e6aa67c16bfe2
f	fantsrvkm/ft_drm.c		86f27c505f2e4dd36dfd58a6275d66a623fec33e24eeec1214be2af03cbe8136
f	fantsrvkm/ft_dvfs_device.c		63d5300844c592b1486bdd0bad13626e56aa39a7604f26d3d33eade0f189a6e4
f	fantsrvkm/ft_export_fence.c		0ac33c760f8901920617b007321bda12af669c28a8f7473101287293e637d944
f	fantsrvkm/ft_fence.c		5f190d58c1d45fdfac03be152827f39b2dc41d7d6ab2a70024940fcce50b585d
f	fantsrvkm/ft_gputrace.c		fc1c94f76998ea060fd372765a4cd9517e22b154198547a1dcc30dbdd356f39f
f	fantsrvkm/ft_platform_drv.c		ab0d240f41ad35e39893556dd6e9b02dfc41c46e7f7193d945aa22d2389b8bbc
f	fantsrvkm/ft_procfs.c		a7dfa222d0f4297a5eefa9ef9b582bc36fc9af4422f8964498786be741739605
f	fantsrvkm/ft_sw_fence.c		8b9c58667e2334203bccb832a3a1b778d4385342ca87fca72e30183aea94913b
f	fantsrvkm/ft_sync_file.c		fb4b1da6ad4ce240ff5aab395f4fffdac5b5864a9a6bb5326a766c930e24014c
f	fantsrvkm/ft_sync_ioctl_common.c		69d0569b4c645c6c0c82eeecce127755f6ac5245de44f5864c3af58dff2a26b3
f	fantsrvkm/ft_sync_ioctl_drm.c		c9b747ca514814c79849a3ba92202deecbfd9b1b73f09ccf3831ad21e998ed95
f	fantsrvkm/g3_ne_hdmi.c		e7dc2c19e8e5d6188a169cf95a191840303607a36cd29ec6e498d308fa1e2574
f	fantsrvkm/g3_pdp0_hw.c		44ba96b7bbb98fc7d5d3eb1237ed8bacb4f381b41aaf4a1bdf9bac8e294d1050
f	fantsrvkm/gen_g3_ne_hdmi.c		4d4535181e4af3590ca796646c2ff4200137337f1b82fa5c309e6396b863abc5
f	fantsrvkm/include/allocmem.h		feb5e7d912c4c2c19a963ffc80f61d0cd2541adfb77966ee01b425736b42d3d3
f	fantsrvkm/include/cache_km.h		21325e968f63854ab94a0668ec2c1a0ce568cf242254b2b67032f83d38d880d6
f	fantsrvkm/include/cache_ops.h		20fb4d37b2b3d1ca6e9734ded2d981a38eba5d45dbf67ba6bd30d7c272918eef
f	fantsrvkm/include/common_cache_bridge.h		5b0d6fd1e3ab5029bc2217fc4425649f08f16063bca5dd2a11d0e07f92ee4621
f	fantsrvkm/include/common_cmm_bridge.h		450aa1f512ca4e5057ddaa7cb544fa0a0451b36a3f4d0514fb2c79c7e3bb2235
f	fantsrvkm/include/common_devicememhistory_bridge.h		2798a5eb7eac5887f80881a78f3fef86cf9340fadef0ee4bf84c8c439db47a46
f	fantsrvkm/include/common_di_bridge.h		fa1ce2e5fff5a8a1a77cf7650de687ae8b05e7d05076dd01a64afd935b1879d9
f	fantsrvkm/include/common_dma_bridge.h		735c32684325261770832cf72572623be668031cf821bfc1afb02d64e011dd5b
f	fantsrvkm/include/common_dmabuf_bridge.h		da725a9688ee0068e9428a56c9c0c2c4b70ea14212b0c7535b327d25024eaee0
f	fantsrvkm/include/common_fantgpu_bridge.h		e288d613435229c1b8292827f553e97b88e834727b370396e13571de9a3d6fe5
f	fantsrvkm/include/common_fttl_bridge.h		95b6e0acd782358b9248fcb1d9bcfcffcd790d1ded5824f081b87d10697a5b09
f	fantsrvkm/include/common_ftxcmp_bridge.h		a290a49d09eb9a455831a16a7a44f451356e46112faa97523430b34f6c269a5f
f	fantsrvkm/include/common_ftxfwdbg_bridge.h		8a550d13eeedbc4f9a4e3c259de290eadf0c8e8670fc36845c4d00a895bc855b
f	fantsrvkm/include/common_ftxhwperf_bridge.h		736b49afb9e04dbcdf63f37f407bbf4a2ca896572502c19029eda7911eb02850
f	fantsrvkm/include/common_ftxkicksync_bridge.h		e916699368daa87a3312dfbe44f66278bc7ff3d0e5c102a95aa1ca95fb82d964
f	fantsrvkm/include/common_ftxray_bridge.h		3dca19d594f97a5c4c898d44d5f1271df717d1a38cb9b647c1286b5d006194a1
f	fantsrvkm/include/common_ftxregconfig_bridge.h		bf2306790307bd3a3cfa1ea57501ef22b8361d7339cccb2927f9f3238ab9f029
f	fantsrvkm/include/common_ftxta3d_bridge.h		2a775332cdee65ad517a7a77fbf008766ad2fc3b51105d711d3f5d7f4c32f8f4
f	fantsrvkm/include/common_ftxtimerquery_bridge.h		ff0eddf2ca9497704ae8e6aa7417cbc28dcc5adc9b29a29f574cbf754324ffd5
f	fantsrvkm/include/common_ftxtq2_bridge.h		367f4b933d9b000205e85265b63f4a79b40a674c02757b17fe4323014564d233
f	fantsrvkm/include/common_htbuffer_bridge.h		fdd8eea23463f20f581a14faf474efc2575080c09c8b24c93fe5311f3321e2cd
f	fantsrvkm/include/common_mm_bridge.h		8a1317fe38d7e7d0357e7c1a1f10021896c77e5527523f9f478c34f5042806f7
f	fantsrvkm/include/common_mmextmem_bridge.h		a0b15984c1b470bbfb612d2bf2487bc8ec7faeae85654b015419ee20c73d857b
f	fantsrvkm/include/common_ri_bridge.h		072cfcb3be8f5515d7e613331d4b809513bb39ceef033ec46e13b0b9268c6922
f	fantsrvkm/include/common_srvcore_bridge.h		f98b10476b8608742618727fd884768e86bb0d465a37057f2198a9847cf39904
f	fantsrvkm/include/common_sync_bridge.h		a1c04a2c286e04443a6ab85b7d95f012f7d35567e376d0072a6145a4966bc8da
f	fantsrvkm/include/common_synctracking_bridge.h		e069ee2783d1efead73edba00a9fbedb99a57019542cf02e0021f8bd6a14701e
f	fantsrvkm/include/config_kernel.h		7b9ceea1bf6356c90c50bb57c5c00bd7e16cb25868dcc93d9762da189588a901
f	fantsrvkm/include/configs/ftxconfig_km_35.V.1632.23.h		22e571bcb4cd8c673ba2f2e1c0820e34c11638e8f54ff7606d6e6bdfa99bab70
f	fantsrvkm/include/connection_server.h		4718ae56404a8caf4f5c71d4432b7bec02c8d82efe99dfc834ac42082ee873a1
f	fantsrvkm/include/cores/ftxcore_km_35.2.1632.23.h		929694e40d2bc92ebce11577d1ee67421e5825c688536784040b81c265f6de37
f	fantsrvkm/include/cores/ftxcore_km_35.4.1632.23.h		6d156893916b1993ae888f000d4c7b438f3c7c9c378a63e969eef55ce72aa464
f	fantsrvkm/include/debug_common.h		1c02c580348f4a97df9fb9897396044fcfe79ca1378a055c9a297a710b9ddc7d
f	fantsrvkm/include/device.h		3f6c6f72b9d125aa2faf9a309d1915f2798948b536f7b4c8ab2de0ba87dd65b8
f	fantsrvkm/include/device_connection.h		b53f82076dd6c1062752ca2ce8a7c128a34ac8fd53e5060d0bdce768d8058677
f	fantsrvkm/include/devicemem.h		73c5f4814c2bf3f6f12252c69d60eba0909edab76c17b71998657f5ec4362350
f	fantsrvkm/include/devicemem_heapcfg.h		e9628676b3c82641885858eaf91a71dc73a70305b2e16aca610b17eef4638dd8
f	fantsrvkm/include/devicemem_server.h		3350db3784275d4c6c7925a5eb5d166be1df7fd3d8be56dff4b0899494e861b6
f	fantsrvkm/include/devicemem_server_utils.h		87ffb98e18e1a414fc0f6cfafc692dd2cd303aba2d6627d739d2d74758a878f8
f	fantsrvkm/include/devicemem_typedefs.h		e68853776b9dbebe5387a1b5fb897c332d39d500b7abd70650c6c3c66cb83605
f	fantsrvkm/include/devicemem_utils.h		66c2da6800ce7d50e89852d0784b65f60cd4a6803b71fde6c5b08580c5fd3ba6
f	fantsrvkm/include/di_common.h		9c04dc0f8e22755b05a7ba57ccb8197539cae91174752abdb9d5c56c04d9bd5a
f	fantsrvkm/include/di_server.h		79d0632971409a5320f1c09980e88462fe4f070c19b0b94163c7740f7bdc2f78
f	fantsrvkm/include/dllist.h		467a5177ce143e2fd54fa375911a3004b34873130a1e8655cdeb1d0f29a28581
f	fantsrvkm/include/dma_km.h		1d8789639952b143964c98b9647a6059ffa7a91e7a0dafcc358d1dc0638dd56b
f	fantsrvkm/include/dma_support.h		fe6632d6119eeae14e203f729a7228777641784929669a51c6afa6a8279c73aa
f	fantsrvkm/include/env_connection.h		24a12275df829020154b37354a5c9c7f576e0d6157067c2e7e40a1259f6221de
f	fantsrvkm/include/event.h		0c1c0c835f5af89911e697a388e59266b7d18721f7cb75ae040b7da0e826cdb6
f	fantsrvkm/include/fant_3dtypes.h		0d1d4c5ee890e7ed0fb560df8e1f4d0931267473da3aecbbfa31cd79171cd9e1
f	fantsrvkm/include/fant_debugfs.h		630f1d483d97cde6fe5d6e99f269e697de64117c5de0fc53cf1ea88f6e5eaef5
f	fantsrvkm/include/fant_defs.h		ea1596d88d9a9760148fd67a6524f169b2f9371d966f9de0ac9b408457ce1929
f	fantsrvkm/include/fant_drm_fourcc_internal.h		d2008848a375ecb0abb1811b5f50c5b0b49e92715bd621f18847ea5d1a9f44f6
f	fantsrvkm/include/fant_drm_version.h		9965303025e0978a4a65f5d56510f887b0047620206f2af923940335c4a1ff25
f	fantsrvkm/include/fant_elf.h		6b39547b4416e9a5ac05f3487ca1c2c993344a7f1bbe15efe295aaba07d85412
f	fantsrvkm/include/fant_ft_spec.h		b42fea86d290e4e454e54bfa4d4d404b8e5e56365161de7f5606c2190e71b116
f	fantsrvkm/include/fant_physmem_dmabuf_helper.h		4d1feace0af9295894edaa4a4b47eb42fea9b4cce2a58edc35d321baa0f83e1c
f	fantsrvkm/include/fant_pmr.h		a283b5d07e39c62ed1778a116a3b93e86dc40dc55a04115d8b50cfbebe408a2e
f	fantsrvkm/include/fant_trace.h		f5a1a45d32b0d0091a35b7ace426e7080fe9a6ec177e1b780718b6890b2d1fe6
f	fantsrvkm/include/fant_types.h		87947eb03c839fef6258f0c69b2bb342242e3305c1f21106ae74c8ced39f76a3
f	fantsrvkm/include/fantaudio_chip_common.h		20fe97b1f621afd6eb4ac9b48da85d481333b11b5d905055c1b024d12e1f24d6
f	fantsrvkm/include/fantaudio_drv.h		24f81e4f5cab53c74fa3727104b571051b521c71fec4d8d18ee5b4a80b547974
f	fantsrvkm/include/fantaudio_print.h		0327cc54d37a11459df60d40da9497bbb1918aff3c023fd5238f2822b44421b3
f	fantsrvkm/include/fantdpu_audio_api.h		7853737debfab92d3bc4918eca14336e0d6d9a21645fdcdd0ef19ec672cd9178
f	fantsrvkm/include/fantdpu_common.h		522c788f532aeca4f77bb384d34fd29db0b5bd8cf24a79554800088d19229d3b
f	fantsrvkm/include/fantdpu_common_drm_panel.h		be945d02a12da92b8de09528cadc701cb84497f483b229357814106d26a92da1
f	fantsrvkm/include/fantdpu_compatibility.h		03a6f631d46637af849005cfa071514211ac955ce17de5e96612bbcf1b90750f
f	fantsrvkm/include/fantdpu_connector.h		796a363096e81eaa01ea9c68df28914844d322b564e9944137ad2f872ce90e68
f	fantsrvkm/include/fantdpu_dp.h		a167dd9b7c88f4c7c3ce979fc4b1e0405289eaffd46d06ea2bd21fdeada74dea
f	fantsrvkm/include/fantdpu_dp_audio_api.h		adba858ab79350dd357a465657457d13c37b83bda3a31e26e8ecb39b0cf87217
f	fantsrvkm/include/fantdpu_dp_common.h		9d7213302b3d3bc1c5981255c6a8d349991002c60b9103009d3679d9316d4bf8
f	fantsrvkm/include/fantdpu_dp_debugfs.h		cb7d85871d32dd119c5973a2948fd47682feae41637ef0e491c9f925d7d1ab55
f	fantsrvkm/include/fantdpu_dp_vcodiv.h		75e33d34af454aedf3a38a032e64e5e21192167181ca9c617c33c1c5429202ed
f	fantsrvkm/include/fantdpu_dpu.h		e5a74f64e53060848d85463afacf5cd6867d0fd86a3585269f9ad473678e2e23
f	fantsrvkm/include/fantdpu_drm_debugfs.h		ea9ba313eaab4c2692cac7bfbffc6e6aae0172a161c5a84e9569a4668561913a
f	fantsrvkm/include/fantdpu_drm_drv.h		9470b462c3a064f787c9ca3658e3bdb9325db9d439c314e93d7ff24d4f900669
f	fantsrvkm/include/fantdpu_drm_fb.h		b99b059797feb75f15ae7026fbd73643b615ae7eafdf91cbe0d43baef1df6ff4
f	fantsrvkm/include/fantdpu_drm_gem.h		92f41ad067ad43406e76b9639a8a493ccde94b6899abc75823eaf19459abc0a5
f	fantsrvkm/include/fantdpu_drm_modeset.h		caccea87c7e37a43529f4f2f7ccecd144e847358a7e67d10867b431667b4343b
f	fantsrvkm/include/fantdpu_drm_pm.h		1607fa33ca84b7cfc450041ac03065ce0083f91178d6a7ef3852972cc2c102ff
f	fantsrvkm/include/fantdpu_hdmi.h		83af1a1d545336df0d9cd631b63a905f5d6db04dbd2cbc71b05981b2ffbc8eee
f	fantsrvkm/include/fantdpu_hdmi_audio_api.h		3edff66b94046c114c66935826e6959198ed71af8220273a9afb131d9c7184d3
f	fantsrvkm/include/fantdpu_hdmi_common.h		0e959ed782f38b6e25860cc8a82430b9d39b7b926b873ed37034b2d3acaed8ee
f	fantsrvkm/include/fantdpu_hdmi_debugfs.h		8023073a39effaa227775334a5721501119b29c066987978ca667cf90299901e
f	fantsrvkm/include/fantdpu_module_param.h		b4387ff003fdaf7d6bd24e24b2bc0b7dcf8853ba432382c15451a063d839a624
f	fantsrvkm/include/fantdpu_panel_backlight.h		59c95c87aff440508283ebbe8455cf2785afcb121242b602c1718d9f522391b2
f	fantsrvkm/include/fantdpu_panel_pwr.h		b1ff455a1c2948ab3505ca56dd119056e9c9e7eeb6cfc74dbedcc08cda15660c
f	fantsrvkm/include/fantdpu_parse_edid.h		9d4332dac44244d1c8d7f170e9e07e92885f1db43bfcf205df7aa86dfab595e0
f	fantsrvkm/include/fantdpu_pmbus_fpga.h		d5e499729daa18288cbef54cd93c9a317a6946dd32d9287f6fd763f3f367c1bf
f	fantsrvkm/include/fantdpu_vga.h		c7e24a6e441ce3019ba9d8bc523c2a5cad9b3d2a47ef00dec6e1d471cb94f76d
f	fantsrvkm/include/fantdpu_vga_common.h		dc05962b2b7e9665a3552407047896dfe8f2dad226b3a91c7d9ece145a26a7a9
f	fantsrvkm/include/fantdpu_vga_debugfs.h		9d2f717899924abd4b58122848caa38cdd0a9e59c9b476a93f6c8a233bb410e4
f	fantsrvkm/include/fantdpu_vkms.h		e13695d25fb04305f60ac8ea17a55389ae263f0b519a49ff8f98a8af9fa5217d
f	fantsrvkm/include/fantgpu_defs.h		60352faac59163b132588c79134b337c133c92cc4d5de2636c21979253a71172
f	fantsrvkm/include/fantgpu_drm.h		359dfbb29be542053aec068bda898ca008c947c58bdf9a6eb53f63f3e3d2dbeb
f	fantsrvkm/include/fantgpu_drm_init.h		6a5fc2df7c508d2e0f4e6bcd03e06a530bef41cf26668bece4f5c9ce2e428e36
f	fantsrvkm/include/fantversion.h		622c38418313aa16971e1756585406a41c3c44e642c0af67d3a948164e8e9d37
f	fantsrvkm/include/ft_bridge.h		f3b385d1c20ba60fea6171e5484f77278d6ac7f4dbca43021c85cf33990a7f24
f	fantsrvkm/include/ft_bridge_k.h		8310eb9505d2c55301ab8ec8138dc935261c853d620cd324366aeb0a3ce7eabe
f	fantsrvkm/include/ft_buffer_sync.h		5f9557c5277717f04532f6c87d43e2ad6fa91ae47a23a995be02ca673d8863e1
f	fantsrvkm/include/ft_buffer_sync_shared.h		8a6be3fdf784ca0c8d491e8d766abbb2e502e768b9d268b86983aad7cfea7fbb
f	fantsrvkm/include/ft_counting_timeline.h		6b9fd76b5bd07e98cbc9e576783a8f37ea6d0fa4b206017529ea693d91f84928
f	fantsrvkm/include/ft_debug.h		05c59da2fb6deb1967ace00cbda084c91d26da460a8ef612e73de8c26cc7c911
f	fantsrvkm/include/ft_debugfs.h		cc11bb53101e8e42375a1c502604073d9602f4dce81ceb646167891ddb0310ee
f	fantsrvkm/include/ft_dicommon.h		5a20f5ceececd6eedbece3b35f52a87b6a53d9b0f38f26d3f633792f1a530c1e
f	fantsrvkm/include/ft_dma_resv.h		ee15c2184a717d2ffc71433cd2af6bcfdcc1538b8ae46a019b08376a7678dcc1
f	fantsrvkm/include/ft_drm.h		718df1d7bd08934bfe53adc540cd6f8fe4b42649bf0e9ced94be274a8f3643d7
f	fantsrvkm/include/ft_drv.h		ae4110298396f879dfb91a43e80d11978b0a46acc77b2c9c2da5a4ca12dbd120
f	fantsrvkm/include/ft_dvfs.h		2bbc0abafb071101cb8c3db5b24fff7540b609c38181741c1fcedf3d13bd1d40
f	fantsrvkm/include/ft_dvfs_device.h		eccd01b63438605d37737fbce6cdc0bb9475e59e9f69c474587a7d1b4baf4981
f	fantsrvkm/include/ft_export_fence.h		48957ba4eb123d69b17d3dcfcd22f2c4fe89fb613646a9c9bb35cb6e90ce5cce
f	fantsrvkm/include/ft_fd_sync_kernel.h		004ea579b5bb36d9950f56628f0d5cd1cba25b570d63a0e3be1780f773864c10
f	fantsrvkm/include/ft_fence.h		dab34db43549581bb8f874c33d8a1c8086de3df55d75a1ed1665e3dfc1ef402b
f	fantsrvkm/include/ft_fence_trace.h		12a36d708c11cb6cd900d0ddeb0417844b8a4cc668abb5dcd0d6d614106a341a
f	fantsrvkm/include/ft_linux_fence.h		917003cb6da5f66c69149ee5350ee040ab2fffea245c7216044ecf62f3a8e4cd
f	fantsrvkm/include/ft_notifier.h		0f3e0a1f23715e13ecf855dc62c4f173360cc58ec5dd307363f279a6bd09be4d
f	fantsrvkm/include/ft_procfs.h		f4ce8ad24ab4025aecb5ed469d9dd345544b7c642381dcc7056d48b41fa7d329
f	fantsrvkm/include/ft_sw_fence.h		fd324cb43ce1d143e75a0fcca4653a48d6bd1954ac872db547874a57924cb88c
f	fantsrvkm/include/ft_sync.h		bbdf9a1eb35504ae6618ef547b271b6a46330dbbf53de513cc93860a0e8826e7
f	fantsrvkm/include/ft_sync_api.h		478c732869d467d630233040a820e206fc0ce14ad1fd727e8558c35f5ed99c29
f	fantsrvkm/include/ft_sync_ioctl_common.h		eb8ea9f0d31434885c2187f35430dae1ef5868bb44cde3f94db39bf51f70f053
f	fantsrvkm/include/ft_sync_ioctl_drm.h		fffc7acd989a60ee901498e3df05e1392b399ecb4b44fd0ea8d17dfa9ce46cf7
f	fantsrvkm/include/ft_uaccess.h		07745898653ff9a89c679c5546369e064b1c6f2aeef1ff286cdbd6dc409fe9f0
f	fantsrvkm/include/ftmodule.h		37207d6aa81baa58fcba8352899344a19954014dd826996cbe212fda7947e27b
f	fantsrvkm/include/ftsrv.h		1423ff79fe998bf57f36598411e8fd20d836d3ecca3bb254c8f61b485fb8d708
f	fantsrvkm/include/ftsrv_apphint.h		7b4031b293c01cfc4819b53a09a1821629b9a46a805f2f3f58e6da3af225a5a8
f	fantsrvkm/include/ftsrv_bridge_init.h		14ff5b0636dc4708a35262078616d788564d9ad3addf3f20853edb9888e42ff0
f	fantsrvkm/include/ftsrv_cleanup.h		1a11fe1e8b2b962c4a7162686bbb67f82c762c959e5ae9b3aa9efff84a268b96
f	fantsrvkm/include/ftsrv_device.h		52e43033ac0a90c0141ecf997fbff7754e1db9f84f7639045374cde7f03e4704
f	fantsrvkm/include/ftsrv_device_types.h		f26fb3f1d37d2a809e3ca415dd6d1998c052d17bc7b7ee3df2c840e1ef319965
f	fantsrvkm/include/ftsrv_error.h		8414f03cf50737e808df04214978547fad3ced3692de8bb33ac64215da6692e3
f	fantsrvkm/include/ftsrv_errors.h		4259991af132ddccc7ffb3d25e05325361edadc884d3b3bab7ebad2ef7c0b06b
f	fantsrvkm/include/ftsrv_firmware_boot.h		57c5ec986949aaf56b0049cb58fa0fad7662ee80a48c9b1fe25cc626b64d4b60
f	fantsrvkm/include/ftsrv_memalloc_physheap.h		c8c2af9149b27c8378400bcd6a1d1ffc214fa2f86f6a37c7eb5101a1cc6142b6
f	fantsrvkm/include/ftsrv_memallocflags.h		61518600e0e711a341ad05177beaa99a71f6f29c89e6b3063af4381ca4d38052
f	fantsrvkm/include/ftsrv_memallocflags_internal.h		fe31b3c02bea19d13dbac30950905724ae287a1dbc826fa35dcb6710807db27b
f	fantsrvkm/include/ftsrv_pool.h		6aa177e47b10adac0ea4ef4c62e86ad55a0ec5f8de436d670db071eb7165f737
f	fantsrvkm/include/ftsrv_sync_km.h		4c16525425c94e477ee3be77148692a35603de3e054f7f18e839db5ab1556b77
f	fantsrvkm/include/ftsrv_sync_server.h		7e6f986cfe089297f2fc8cacf16b46256bbaf86f85ad222357208b363b335696
f	fantsrvkm/include/ftsrv_tlcommon.h		335b40ec544780f9d5110d9c2b995b3019a0066502dee2563ffad259c194508f
f	fantsrvkm/include/ftsrv_tlstreams.h		3477fbd317f2fc66864c4aa7ce2add1507aee11ba12c26a0d168d5bcffe06307
f	fantsrvkm/include/ftversion.h		872f0a3f64f241787a753f76afb9b8d700794223b60bb05a7a110a7301336a73
f	fantsrvkm/include/ftx_bridge.h		22f3f0bfe8af8975934037d917de1ac0dda77e246730d359d993a9d361272d56
f	fantsrvkm/include/ftx_bvnc_defs_km.h		f8e307f2cc83093fd16b86026e540e901d05393c61fd51bc67dc8d648b9c0708
f	fantsrvkm/include/ftx_common.h		c26e3140df2602789a315df608bf7b50dbfccbb482b31f5f2068b2717715e3ad
f	fantsrvkm/include/ftx_common_asserts.h		fc6f494c0f3c9a69f52f599e7de140565ce8e54b5fb9dcd8e0e96070ec803913
f	fantsrvkm/include/ftx_cr_defs_km.h		c27cea290f841413693f065eda111e9fe1bca6de718d0fff8bb42585e67d3e05
f	fantsrvkm/include/ftx_firmware_boot.h		a0773735fd42f94ea58c29beca73474e6e25f31162539d32c5e75fd7d549df46
f	fantsrvkm/include/ftx_fw_info.h		15611e771c80e65028a8c189d590e7e4771eb2e4df62baca90c8b0bd480979a8
f	fantsrvkm/include/ftx_fwif_hwperf.h		03069405edb06d693f5a5bbe96ba48aa5bbcc55388a700711a60b8335113417b
f	fantsrvkm/include/ftx_fwif_km.h		192ee6b374112032a20d6c5c1af59b2ee1ffe4b4c8971a81e0d839a1fd903808
f	fantsrvkm/include/ftx_fwif_resetframework.h		1681f03c6f0830ff3da047a41d3b74412fdfd77d577565eeccb7b2e74fc0058e
f	fantsrvkm/include/ftx_fwif_shared.h		e4cd2c5645ecbacfcab585089d9cd67ec0f0e9ebdc17438c5d15438aa61bdfce
f	fantsrvkm/include/ftx_heap_firmware.h		052fbb10f8719082fe6c2c11bfe02eb8fcc1193217d5a7c49fd7261ef668ea1f
f	fantsrvkm/include/ftx_heaps.h		455527b1da44db63d38b6e8020e4cc4a74bc8b656cbc10e3b4c693940f9e012a
f	fantsrvkm/include/ftx_hwperf.h		5f80217f7457bf854a11dadbf831a1426dd7eea5b6316aec2d0e94652bf39f92
f	fantsrvkm/include/ftx_hwperf_common.h		5de97a63f10933fbcd168e0ac97501625cd1c3dcfe1d8b491bc46f12843ea5ff
f	fantsrvkm/include/ftx_hwperf_table.h		c7c064f9f193b93bb02fb904a68fa7283ec0e7ebb1ad7327caf1c6543594b658
f	fantsrvkm/include/ftx_memallocflags.h		c627015a625694e8f038fedf772cf446c29d8314f56f4d57add664cb25fc2103
f	fantsrvkm/include/ftx_meta.h		1d6b7bc5d0a67bc970de82bfadcdefc534b506d2e95037f68de14441b8c263fb
f	fantsrvkm/include/ftx_pdump_panics.h		758f92be06004d433179cbcdffb857e0ba8e3425644b92c9ec8a4eafdc0cfcbe
f	fantsrvkm/include/ftx_riscv.h		6799acbed3e063e80bc17ddd9d4929bc65b463898da0b3eea14d9cf8b8645cbe
f	fantsrvkm/include/ftxapi_km.h		1d0885ce3f308b3eda62e7931e81ff71ab264af3077506c97f8f5e6839e26442
f	fantsrvkm/include/ftxccb.h		6783baf82a5605651a696a6b7015b2635353977fed5a834ac9c20c7c9359fa47
f	fantsrvkm/include/ftxdefs_km.h		f5d12fe814911acb49ecece5e768a0d60fc9f9abf4613062ef3ab400ad1b6628
f	fantsrvkm/include/ftxdevice.h		fde9ce2f6d01cb4c03c4f10c557ad4187e9095f6b81ad4104c49b5e07905f01c
f	fantsrvkm/include/ftxfwmemctx.h		0c7182ae2cc74c5bd73bfef2251a7f31aad9abc934116a5356f6719df9fdbad8
f	fantsrvkm/include/ftxfwutils.h		a4968dea5760c7051c7bd45375fa6d4c915cf2a0aeda2e8774fe86787c85e89e
f	fantsrvkm/include/ftxgpuutil.h		12fed7db5c4b41ff8b5b329a843048c2f875b06aca3c3c31ec719c490399c062
f	fantsrvkm/include/ftxheapconfig.h		b2572cc85750b0b648ccb019c298794be1dcd6b91b7e6c9052819cdb24f20520
f	fantsrvkm/include/ftxhwperf.h		6a938d3908928d8fed99315fd68c1ac643ddc9358b54b492432e13c6b5b05ba9
f	fantsrvkm/include/ftxhwperf_common.h		fdebbba30203cc40d481e7de1683d04e44fa7905e600cf445682efdbcb2811fb
f	fantsrvkm/include/ftxinit.h		651ab3555c31d72b93b3f764f7c1c8437b742d98fa700d5bdbbff2826006ed31
f	fantsrvkm/include/ftxinit_apphints.h		503a7ef1659cd6836c978ca8301a8ca32bfce39c44e7dc602d51bc32192b0c96
f	fantsrvkm/include/ftxlayer.h		0ca5d2aeb7e1a3224239236ac1151f58b574b32dc9ae7e93654359ce288a1dd0
f	fantsrvkm/include/ftxlayer_impl.h		6e3130a217654fe820bd7458c7dbfa61054cd3db830a3c621f4746b6d324beea
f	fantsrvkm/include/ftxmem.h		3c1ea7464d7fb1ddcbd8b8a444294af5e5507fcfd9974da5be3c1e4d49276d9c
f	fantsrvkm/include/ftxstartstop.h		0a7db6aab6360851c1f4fb881bf2a4dd9e93537fdc1ad1b7d818f9d56a25f5db
f	fantsrvkm/include/ftxta3d.h		7fe224597d7901212d040ae26be1d0c2c52aee073145c37d8f3cabd0496facfc
f	fantsrvkm/include/ftxtimecorr.h		ca091317ed68ea80308a6f45f4160c85607aefafee3de681fb0b0b679f687dce
f	fantsrvkm/include/ftxutils.h		e914011e081307e30522f58e0b37484396de86abaf37aeacbcfacecbae4b4312
f	fantsrvkm/include/fwload.h		94ec9f250f50419bdba1c8fffdbc6db6bfff6be1c6ceeba51137769e97cab8c5
f	fantsrvkm/include/g0_pdp0_hw.h		4bc3de8634a3bbc883ad5eb3b762a66f293f4aaca1b802e79f1b861edb2d50a8
f	fantsrvkm/include/g0_soc_audio.h		471d0d40835185372aaa12874230f4f601995788d096617694087a1a28fda439
f	fantsrvkm/include/g0m_pdp0_hw.h		50552a9cbcafa260a6bb8e8a2be812cd198d175d7d930c5289f459ef42d8619c
f	fantsrvkm/include/g1_pdp0_hw.h		9d99e091cea2ca8645ba98c4a24fb1975d92e6292bda3b23f6b7756bb157beac
f	fantsrvkm/include/g1_soc_audio.h		d1e807510b4f4c96dfb7d0597ff1e86fbef4fc5f1d785e6edcc01b25e130e0d1
f	fantsrvkm/include/g1p_pdp0_hw.h		cd778e71ac5687a17a2930da8cc99a128eee452d7a6c4a3f8ac7136be09b116e
f	fantsrvkm/include/g1p_soc_audio.h		30e68e30e0a84fa7ef891238943eef666b3e109fa514a31e08f7ad21b2068a05
f	fantsrvkm/include/g3_ne_hdmi.h		7cc2167c38b0cf48bf1103b980b357102f90ab24cfb25be3cbcca18c73f90c7f
f	fantsrvkm/include/g3_pdp0_hw.h		366d91cdd0c8fc36d87bfb3ba69c3c8e3272cf6a56bd4311d31ade307ddadd96
f	fantsrvkm/include/gen_g3_ne_hdmi.h		618c73eb9cb370899497d738d1e58655118ecf8ee64b721358115792cdea59db
f	fantsrvkm/include/handle.h		5d4cf8e60fefade665adb39f004321f1eea86b899bcc0ec40daf2c3fd325d1c9
f	fantsrvkm/include/handle_impl.h		57015fa4e4d103c0a92f6439269288e843ca522d3fab246ae362c8e1bfd8d220
f	fantsrvkm/include/handle_types.h		c8fab74a7fd305f07f03a5b7fa7cb1ca02b88c4cee8f87187e37c04ae7eda82c
f	fantsrvkm/include/hash.h		f1a20954dbbd2461973ab26551cddeb004d0dc24cf87e86a54034c1d74cae363
f	fantsrvkm/include/htbserver.h		eae4b8e2db5c85495bb50c2ea14ab40474c9440dd6386666799748adf202e783
f	fantsrvkm/include/htbuffer.h		d26f4757ac47fe308f2705636923a879f07c93f164f069154f1bc81015cd8975
f	fantsrvkm/include/htbuffer_sf.h		dee93dbc3bab5e39b29c58eb02d55602008be477d0636c723dc53970dbe069a7
f	fantsrvkm/include/htbuffer_types.h		7d56c1ca6346084a2b2923d686bc677328b478ab76161bb48ab1115c954a3859
f	fantsrvkm/include/info_page_defs.h		7dc2c6304ee78f741007a92a66f5e49e562eebbfee8b73361013d796e17db2d9
f	fantsrvkm/include/interrupt_support.h		fbfc62ab3399ccf51b26b9ca61a1ea9e05842b72d5aa3a9e3124c6d43081b224
f	fantsrvkm/include/kernel_compatibility.h		8407b81d665c32142c80c447220a36e313f9142f69c83b6e4e74e5e62c22bff0
f	fantsrvkm/include/kernel_nospec.h		ba71ae5a63bd04293c6a778c18919563173a0799cea454f822a7e8010049588a
f	fantsrvkm/include/kernel_types.h		8abcae7672edf2db56429bbde6915cda0a8c77f4b565ba90bd21347a8df4902a
f	fantsrvkm/include/km/ftxdefs_km.h		f5d12fe814911acb49ecece5e768a0d60fc9f9abf4613062ef3ab400ad1b6628
f	fantsrvkm/include/km_apphint.h		733b37d9c0d436a73e71de02f7c580c319155692acba899f9dd7e4e8f97add28
f	fantsrvkm/include/km_apphint_defs.h		6dbc4230e8f2f1f21ac90a8716b03b526db2dd9fcd0f6faf0bc8d8406519be30
f	fantsrvkm/include/km_apphint_defs_common.h		3732c0b641d55e82256d2e694a5934160aeabcca2e102b0a037ec3ed030a1891
f	fantsrvkm/include/linkage.h		638118fe02b2fcfe055be3518f45b75993779995e22d4d6830d61c0083c73d12
f	fantsrvkm/include/linux_sw_sync.h		3b8c6d89efcf1e6c26c72dd401eb1a0c5136b403b40648dbe6d1ef6b559229d3
f	fantsrvkm/include/lock.h		7dee17683884e6bd0a99bfd34ca4c9bab5e91d12c553a91a981c2c46a465cb52
f	fantsrvkm/include/lock_types.h		26c7ef9273c23a2badfb5d61aa372206f487082c53b6c712cf122d128b32fdcc
f	fantsrvkm/include/log2.h		fe01ece6f0d707eaad4875df06bbe20600e0c2a0486fd70cf7b6975a6bc5c779
f	fantsrvkm/include/mmu_common.h		030d8120362e42ef6d1008b574a7410f8a4840d5f177ca127c8e3eb41fed01db
f	fantsrvkm/include/module_common.h		c627ccfd8453c6ad0d3275dc7260d4f5bc422fe53d18827bd8eaff35d7bc2309
f	fantsrvkm/include/netlink.h		667dcbd3d6cfb67cf2fbc7392245bc6286d4800ba96026ff33d990ff8b1fbaae
f	fantsrvkm/include/opaque_types.h		5a3ec34a080584b3f67d561330717513ce1a55a0536daaaf968ade0da1f5cbc9
f	fantsrvkm/include/os_cpu_cache.h		354d4e472c8242f5023ab3b3b0ec0abbee1f94f62655ce52e59984fcc61b827b
f	fantsrvkm/include/osconnection_server.h		dd93651eb9d9926926f79c6242822f3f0edc667cfb4b1de28ceed613796c3161
f	fantsrvkm/include/osdi_impl.h		a42fd669efd0372c0b94f419c7e2e5cf32b38404c684e81f51f81ecc5deafb73
f	fantsrvkm/include/osft_gputrace.h		c35b83a6b9be1fa8d43874494e58078181d2fdec4bba54754228e6e859f9161b
f	fantsrvkm/include/osfunc.h		e92197a694be01b0209f5dc408c8c90fdb89b000276d828ff4c3b2052ef3e015
f	fantsrvkm/include/osfunc_common.h		7a09895906794e562eb55aebf014e3f793f718c08453cd64a7099fc0715623c1
f	fantsrvkm/include/osmmap.h		fd6467f2e8cc718eedb87f8ceb3b6ce43af4bc6fe4904476e22f5af43056aefc
f	fantsrvkm/include/pci_support.h		4e95ca3b96eed57a53b52239dd8d5a142463be61959dd8c3731edc0d5f8cb2cf
f	fantsrvkm/include/pdp0_common.h		f64d8bedb6fb726b7a5a0ba1400cb3db0b9ade1deb16557f3569f6d0af80edbe
f	fantsrvkm/include/pdp0_crtc.h		c825371bf951e986b2b3d5e10bec5d94377e5eded927b7417345db83466f9ed8
f	fantsrvkm/include/pdp0_drv.h		85069e782578c6344553db4ed446097bd9656c57d693caa081810054b90b52cd
f	fantsrvkm/include/pdp0_hw.h		ff1fea6ba040244c29348b9aed6dd5756ffba587b4c57c4dc37c6947723fce3d
f	fantsrvkm/include/pdp0_plane.h		9ef550664794d881c1aebba3f06039e707b20ed562073a3f42485a7180073089
f	fantsrvkm/include/pdp_drm.h		2dc974117b029b74434c194c222a446319ddc32b7da5762aa85e396d1a0b321c
f	fantsrvkm/include/pdump.h		2b2e408b5cf64e1ae496a21d1fa8e03dee9dff6bb1ef131b60d7e03fb1193d3d
f	fantsrvkm/include/pdump_km.h		549a413f682fa0423187b2645d4a70987573a4e7c24ccfbaaeccce639d8392eb
f	fantsrvkm/include/pdump_mmu.h		cc915ae8577efce48daac2b0e722473d69c492e89cff7154ea416aec3e0ecf97
f	fantsrvkm/include/pdump_symbolicaddr.h		052dbd65bc222df621d632d2027e175ac4ac75e935255ca24a8818870f061ac8
f	fantsrvkm/include/pdumpdefs.h		744b0589bc0af2d0c283d2adf63912ed38fbefbf8b7473431d04df8ebdfd23f4
f	fantsrvkm/include/physheap.h		29358cd60b361f4870013192db2b5e6eb33b8ed5494449e1fe48b43bb9ae4f23
f	fantsrvkm/include/physheap_config.h		e717060c27bffe784f7232de03998dbe05ef458af66c3c804eff14f23967d5e7
f	fantsrvkm/include/physmem.h		3af68999fbd0c174f3a77648b07d7ba4430ec53708b097c3bf276c5016ab8d06
f	fantsrvkm/include/physmem_dmabuf.h		1d876b18eba5aba013f3cb843e01f11c957702daba86d3469d5c9a27193959ac
f	fantsrvkm/include/physmem_dmabuf_internal.h		8e330763a47a46c510cdd8bfa7e7018f792fb257bc12f6654f67f7407b4390f9
f	fantsrvkm/include/physmem_lma.h		4af4bddbefc4d58f4789ad58f193649d7567f16cf2b44d8deeab3738b4c09f81
f	fantsrvkm/include/physmem_osmem.h		a05b56aca48809379fc5b5e75da9b84324b710d7baaf590abcc491b91a1d02aa
f	fantsrvkm/include/pmr.h		f10173e66da5b0a61aabe5664f1e9cee718ef82f327235d71fa20e7dd74786e4
f	fantsrvkm/include/pmr_impl.h		f70421330ad2b14b7e3dda27baf850d38cbdb3813f625f1418d8107cbdb464cd
f	fantsrvkm/include/pmr_os.h		1c0f7efd1b1b78ab1ca46f18b77d1036ef96fe1c743e292f2f690e36c7b9b6d1
f	fantsrvkm/include/power.h		1b955d5a0c522bd859e5d1055c6e95c7f18c973609443c57a3d00690404a3678
f	fantsrvkm/include/powervr/buffer_attribs.h		50552b845a04ade13446ebd958c9a7abf4ef89067a5960b53ece89adac03d7d7
f	fantsrvkm/include/powervr/fant_drm_fourcc.h		3a9783ed38e2ad620b0d84a33035e16ef2614dffce53de9e36278360a5f07e6e
f	fantsrvkm/include/powervr/ftsrv_sync_ext.h		27fadeb281dad10bea519c07b3db91d211368a42ba2dca5320a5bd74b888b4b9
f	fantsrvkm/include/powervr/mem_types.h		a11af6bed886b3adf9dbe23c486d6dbb8844475afd5911cb4eb80a5230be60c7
f	fantsrvkm/include/private_data.h		839e6f0b95a4d1cc091ca14ae0059287b7d84a729ba9db626c3f1be92013046a
f	fantsrvkm/include/proc_stats.h		b57e66d6dad50d78f91f1d9a149827544f6cd977986a93729439ba06dc4bfed9
f	fantsrvkm/include/process_stats.h		26ee51c3bc65104cbfb49272166bf9360b72a95673a6a4d4c80a1b13f53e9862
f	fantsrvkm/include/ra.h		59a98982f54988ab5abc76014667b3a105b0f583edb8844a4334b79b16e6734b
f	fantsrvkm/include/ri_server.h		a2ff65d3e57c187ec2fab2f43d746bf091ec1f2bc028b73810e2d980a2ae1c22
f	fantsrvkm/include/ri_typedefs.h		8595c3456f818d3257be08404332d850a4061101b783479ab59d4572df4f534c
f	fantsrvkm/include/rogue_trace_events.h		bf72310f614065b83febe9a5b1b31fc508adc2fda3a36fdc7e8ea9ab4f2a3bc6
f	fantsrvkm/include/services_kernel_client.h		3bde111e8d672433f72f29b826eb236499a79073321dbdc060901642daa89a5d
f	fantsrvkm/include/services_km.h		ed2063fca788f93ac11cc5f61651fbda131aa0050ca41c962bfd1ec35f9aa69b
f	fantsrvkm/include/servicesext.h		5fbe748b231c691294d7cf2a00ff3b41d9576fbffdc6e7893fad6eeb5dfa7bde
f	fantsrvkm/include/sofunc_ft.h		f835179dd8e972ef68ea5e69d74eda9d40f8a453c943994bf3273d4e5ed2ae2a
f	fantsrvkm/include/sofunc_ftx.h		a1172d87564a4f957215b7775909bbe4dd6dca17013e78b95735afedd77ef62b
f	fantsrvkm/include/srvcore.h		a494af1fce2dd07e5ad739205de644ca7d9abea2318a6f719c74c23ce9f47feb
f	fantsrvkm/include/srvinit.h		004a95216ae34ef2c0da928be4add37dae4230a76dfe83fb265c124af11de947
f	fantsrvkm/include/srvkm.h		20b6d3dc157ea470e7d00377d33c30bad1bff15434c855d851e5e04ef75ede51
f	fantsrvkm/include/sync_checkpoint.h		7d0d41ce0ced5cd2943021378344247a070f18d1e62210a91c05063f6328febe
f	fantsrvkm/include/sync_checkpoint_external.h		a098926e3e734d43dddd6d0afb57e1ffd252148ea7c4c6681ff51a2ca873c1a2
f	fantsrvkm/include/sync_internal.h		aad895f36d6f79def39cc46dde8776fb2c7d1ab203d75ab25edf0c83a239ab5d
f	fantsrvkm/include/sync_prim_internal.h		9deb049692d2d177c980ada954239929892b25fc5d2c09c9fc34f024a74b8397
f	fantsrvkm/include/sync_server.h		1bf24ded263efd24952b167ad28e41008239ec5026d574380acc5f3aa37970dc
f	fantsrvkm/include/syscommon.h		044bf71a69f02069f17baba412f63575c1e12a2dece9ffc2ca7c854ba542aac3
f	fantsrvkm/include/sysinfo.h		c11b010c6b90909d5314787d15aaed0d6ffe71d09ecc79bb6415efc6677f07a8
f	fantsrvkm/include/tlclient.h		b3ba801e7f2823648b756a1eeb38490e65b7790a2135985180db69b11ed74bee
f	fantsrvkm/include/tlstream.h		a1d86012920747fcb1b1a3eb208c43c5e278b5a2ed7ba39865e9ebc2150de795
f	fantsrvkm/include/trace_events.h		e24fb54c60fd4211b25245bec654a303e31b48b8b61c7d03e8aaedb696d6852e
f	fantsrvkm/include/vmm_impl.h		4aa5b691423867570c1e390b44eaa27122ad8fff25f54b22db9888b75c66d63a
f	fantsrvkm/include/vz_vmm_pvz.h		0e90915420f29227ac3a04788ac1bf7c5d0f1ac9e2931f5d1dc8752bb3360a5f
f	fantsrvkm/pdp0_common.c		8416ee7164120e360cdd4d0bf0331fba7a3a1b0329a98d229ec9f18308f52d60
f	fantsrvkm/pdp0_crtc.c		7b8649c0d01da9a6bce93e9872654f5239892ed0edfd59884ee0942caed562e7
f	fantsrvkm/pdp0_drv.c		1ccd92ae9eb1d85d75d303d7c3285f1e231356b2bc8001363917afce21ae8517
f	fantsrvkm/pdp0_plane.c		f9a769f5736a328fbc60d7bf3bda8711c9f6270714624619613e6eb9bc3a5a29
f	fantsrvkm/trace_events.c		31a9a8d78d2cb444ce3e1780daa22c2833142f0f62cb1771f1833d7d37efaced
f	fantvpu/Makefile		79aad664611c9e4b27d4c4b1ab0b4513fd3adb302a02fd5399ace5c35b0d0e78
f	fantvpu/fantvpu.h		f44030e93d6726e0af0a67b6d1afc7733251d6a8709535316ec567fc65820cb1
f	fantvpu/fantvpu.o_shipped		301590d04789cd314d5ca14d505045afc71520b0046111f91aa14d9f80008708
f	fantvpu/fantvpu_common.h		63387c5d3cb77f5aeab409cc32667fadefa2a0119ecca025dffab6d4c5698dae
f	fantvpu/fantvpu_dmabuf.c		c8fec309ba18a9d5bf148e322a414aa70b7c30c990e6522b6435531c4247f3d4
f	fantvpu/fantvpu_dmabuf.h		906b74e3f7be9609ffb5696f533e838a270ea16b5b6ba581890f9e9b6cc9b452
f	fantvpu/fantvpu_drv.c		674ebaf3e3608175a1dfed5691e61ab067213eb3a1395f9077129dd35283cb5f
f	fantvpu/fantvpu_drv.h		5e6db0ee66b708178d611c06efff46c85f390153cb9b22ca9b518904490a6f3a
f	fantvpu/fantvpu_for_umd.h		ad31a8380fb93fd267bbb57a39231ce8e89c9bd697b9664b5e76dab7b6af50e1
f	fantvpu/fantvpu_internal.h		24d8b1c3e2bc6a8694e2839b4a9c408146299f7ae57f344b628bb88610d65150
f	modules_config.sh		ea5c73d27371e13f24cdcc51a1e9027169e1043505ca62500bfd1f0a0f8b4945
f	test_item.sh		360674d6fd82f9cb2ce9ebfa32f7c8b1963c05dabdb7d10551c7fe5f19386fe9
f	tools/Makefile		468e4bc112c6e98b7c3506781737cb82400790c932479a646259de07f9af3083
f	tools/gpu_info/gpu_info.c		2eba52abfbebc6565cf27c0705b985aa30a2a5321aa6c4b01d96c7e4616643e2
f	tools/gpu_info/gpu_info.h		9b4df04dea0b70c3f03dd9f48a30726af3918c3c037dd7e9042abfed6f87e22f
f	tools/gpu_info/gpu_info_fantml.c		e69f1b49fa11c57ed800d8e00cb29fbdd644f209bd754ec87233094ce4cea685
f	tools/gpu_info/gpu_info_fantml.h		4940385a53e00ce57acaed674965f6ef4483f43be80ec2bc8aa69d178f7d8ba4
f	tools/gpu_info/gpu_info_fantml_km.h		88a25ac09f06dace3b4ca668ae7c3f483288014055c698dbd13a7a845a19f141
f	tools/gpu_info/gpu_info_y8.c		12d767f4fc8778ada3afa6bc0e0f8f7aa4e3623e9ce04ecfadb26ae2fcc2f993
f	tools/gpu_info/gpu_info_y8.h		4b41256ab8ff9f484570cb8cc88846370744f823bf2ef6e8837f1748b1b87d57
f	tools/gpu_info/kgc_gpu_info.c		c674c3ac8a7813d733f4c4ab4e0052c7b071a5dc759411abd04375ab1e2fa756
f	tools/gpu_info/kgc_gpu_info.h		05beff31fc6e9e7b96f738122040b194ffb328938c6955cf72d6949acb1d6b48
f	tools/kernel_api_support_test/Makefile		6bfbbc75ce14a91d3105dcf5ca0f58286a8bc7a8e11eefbf92d382a822fde3a7
f	tools/kernel_api_support_test/kernel_api_support_test.c		ead62b77d5503f3808fbdd7ddfca7cdb16f93bc7df9940f0c5936b20e411e488
