1			identical	UNASSIGNED	OK
2	Makefile	Makefile	identical	UNASSIGNED	OK
3	cfg_detect.sh	cfg_detect.sh	identical	UNASSIGNED	OK
4	dkms.conf	dkms.conf	identical	UNASSIGNED	OK
5	dkms.post_remove	dkms.post_remove	identical	UNASSIGNED	OK
6	dkms.pre_install	dkms.pre_install	identical	UNASSIGNED	OK
7	innodma	innodma	identical	UNASSIGNED	OK
8	innodma/Makefile	innodma/Makefile	identical	UNASSIGNED	OK
9	innodma/axi_dmac.h	innodma/axi_dmac.h	identical	UNASSIGNED	OK
10	innodma/inno_axi_dma_drv.c	innodma/inno_axi_dma_drv.c	identical	UNASSIGNED	OK
11	innodma/inno_axi_dma_drv.h	innodma/inno_axi_dma_drv.h	identical	UNASSIGNED	OK
12	innodma/inno_dmaengine.h	innodma/inno_dmaengine.h	identical	UNASSIGNED	OK
13	innodma/inno_pcie_dma_drv.c	innodma/inno_pcie_dma_drv.c	identical	UNASSIGNED	OK
14	innodma/inno_pcie_dma_drv.h	innodma/inno_pcie_dma_drv.h	identical	UNASSIGNED	OK
15	innodma/innodma.h	innodma/innodma.h	identical	UNASSIGNED	OK
16	innodma/innodma.o_shipped	innodma/innodma.o_shipped	identical	UNASSIGNED	OK
17	innodma/innodma_debug.c	innodma/innodma_debug.c	identical	UNASSIGNED	OK
18	innodma/innodma_debug.h	innodma/innodma_debug.h	identical	UNASSIGNED	OK
19	innodma/innodma_drv.c	innodma/innodma_drv.c	identical	UNASSIGNED	OK
20	innodma/pcie_dmac.h	innodma/pcie_dmac.h	identical	UNASSIGNED	OK
21	innodma/utils.h	innodma/utils.h	identical	UNASSIGNED	OK
22	innodma/virt_dma.c	innodma/virt_dma.c	identical	UNASSIGNED	OK
23	innodma/virt_dma.h	innodma/virt_dma.h	identical	UNASSIGNED	OK
24	innogpu	innogpu	identical	UNASSIGNED	OK
25	innogpu/Makefile	innogpu/Makefile	identical	UNASSIGNED	OK
26	innogpu/fixup_alignment.h	innogpu/fixup_alignment.h	identical	UNASSIGNED	OK
27	innogpu/fixup_pcie.h	innogpu/fixup_pcie.h	identical	UNASSIGNED	OK
28	innogpu/hal_bind_numa.c	innogpu/hal_bind_numa.c	identical	UNASSIGNED	OK
29	innogpu/hal_bmc.h	innogpu/hal_bmc.h	identical	UNASSIGNED	OK
30	innogpu/hal_dma.c	innogpu/hal_dma.c	identical	UNASSIGNED	OK
31	innogpu/hal_dma_errors.h	innogpu/hal_dma_errors.h	identical	UNASSIGNED	OK
32	innogpu/hal_interface.c	innogpu/hal_interface.c	identical	UNASSIGNED	OK
33	innogpu/hal_interface.h	innogpu/hal_interface.h	identical	UNASSIGNED	OK
34	innogpu/inno_audio.c	innogpu/inno_audio.c	identical	UNASSIGNED	OK
35	innogpu/inno_audio.h	innogpu/inno_audio.h	identical	UNASSIGNED	OK
36	innogpu/inno_check.S	innogpu/inno_check.S	identical	UNASSIGNED	OK
37	innogpu/inno_cpumask.c	innogpu/inno_cpumask.c	identical	UNASSIGNED	OK
38	innogpu/inno_cpumask.h	innogpu/inno_cpumask.h	identical	UNASSIGNED	OK
39	innogpu/inno_debug.c	innogpu/inno_debug.c	identical	UNASSIGNED	OK
40	innogpu/inno_debug.h	innogpu/inno_debug.h	identical	UNASSIGNED	OK
41	innogpu/inno_dma.c	innogpu/inno_dma.c	identical	UNASSIGNED	OK
42	innogpu/inno_dma.h	innogpu/inno_dma.h	identical	UNASSIGNED	OK
43	innogpu/inno_dma_buf.c	innogpu/inno_dma_buf.c	identical	UNASSIGNED	OK
44	innogpu/inno_dma_buf.h	innogpu/inno_dma_buf.h	identical	UNASSIGNED	OK
45	innogpu/inno_drm.h	innogpu/inno_drm.h	identical	UNASSIGNED	OK
46	innogpu/inno_drm_mode.c	innogpu/inno_drm_mode.c	identical	UNASSIGNED	OK
47	innogpu/inno_drm_mode.h	innogpu/inno_drm_mode.h	identical	UNASSIGNED	OK
48	innogpu/inno_fence.c	innogpu/inno_fence.c	identical	UNASSIGNED	OK
49	innogpu/inno_fence.h	innogpu/inno_fence.h	identical	UNASSIGNED	OK
50	innogpu/inno_firmware.c	innogpu/inno_firmware.c	identical	UNASSIGNED	OK
51	innogpu/inno_firmware.h	innogpu/inno_firmware.h	identical	UNASSIGNED	OK
52	innogpu/inno_fs.c	innogpu/inno_fs.c	identical	UNASSIGNED	OK
53	innogpu/inno_fs.h	innogpu/inno_fs.h	identical	UNASSIGNED	OK
54	innogpu/inno_idr.c	innogpu/inno_idr.c	identical	UNASSIGNED	OK
55	innogpu/inno_idr.h	innogpu/inno_idr.h	identical	UNASSIGNED	OK
56	innogpu/inno_insn.c	innogpu/inno_insn.c	identical	UNASSIGNED	OK
57	innogpu/inno_insn.h	innogpu/inno_insn.h	identical	UNASSIGNED	OK
58	innogpu/inno_interrupt.c	innogpu/inno_interrupt.c	identical	UNASSIGNED	OK
59	innogpu/inno_interrupt.h	innogpu/inno_interrupt.h	identical	UNASSIGNED	OK
60	innogpu/inno_io.c	innogpu/inno_io.c	identical	UNASSIGNED	OK
61	innogpu/inno_io.h	innogpu/inno_io.h	identical	UNASSIGNED	OK
62	innogpu/inno_kernel_hook.c	innogpu/inno_kernel_hook.c	identical	UNASSIGNED	OK
63	innogpu/inno_kernel_hook.h	innogpu/inno_kernel_hook.h	identical	UNASSIGNED	OK
64	innogpu/inno_lock.c	innogpu/inno_lock.c	identical	UNASSIGNED	OK
65	innogpu/inno_lock.h	innogpu/inno_lock.h	identical	UNASSIGNED	OK
66	innogpu/inno_math.c	innogpu/inno_math.c	identical	UNASSIGNED	OK
67	innogpu/inno_math.h	innogpu/inno_math.h	identical	UNASSIGNED	OK
68	innogpu/inno_misc.c	innogpu/inno_misc.c	identical	UNASSIGNED	OK
69	innogpu/inno_misc.h	innogpu/inno_misc.h	identical	UNASSIGNED	OK
70	innogpu/inno_mm.h	innogpu/inno_mm.h	identical	UNASSIGNED	OK
71	innogpu/inno_mtrr.c	innogpu/inno_mtrr.c	identical	UNASSIGNED	OK
72	innogpu/inno_mtrr.h	innogpu/inno_mtrr.h	identical	UNASSIGNED	OK
73	innogpu/inno_pci.h	innogpu/inno_pci.h	identical	UNASSIGNED	OK
74	innogpu/inno_plat_dev.c	innogpu/inno_plat_dev.c	identical	UNASSIGNED	OK
75	innogpu/inno_plat_dev.h	innogpu/inno_plat_dev.h	identical	UNASSIGNED	OK
76	innogpu/inno_pm_runtime.c	innogpu/inno_pm_runtime.c	identical	UNASSIGNED	OK
77	innogpu/inno_pm_runtime.h	innogpu/inno_pm_runtime.h	identical	UNASSIGNED	OK
78	innogpu/inno_srvkm.h	innogpu/inno_srvkm.h	identical	UNASSIGNED	OK
79	innogpu/inno_task.h	innogpu/inno_task.h	identical	UNASSIGNED	OK
80	innogpu/inno_timer.c	innogpu/inno_timer.c	identical	UNASSIGNED	OK
81	innogpu/inno_timer.h	innogpu/inno_timer.h	identical	UNASSIGNED	OK
82	innogpu/inno_uaccess.c	innogpu/inno_uaccess.c	identical	UNASSIGNED	OK
83	innogpu/inno_uaccess.h	innogpu/inno_uaccess.h	identical	UNASSIGNED	OK
84	innogpu/inno_uuid.h	innogpu/inno_uuid.h	identical	UNASSIGNED	OK
85	innogpu/inno_waitqueue.c	innogpu/inno_waitqueue.c	identical	UNASSIGNED	OK
86	innogpu/inno_waitqueue.h	innogpu/inno_waitqueue.h	identical	UNASSIGNED	OK
87	innogpu/innogpu.h	innogpu/innogpu.h	identical	UNASSIGNED	OK
88	innogpu/innogpu_ion.h	innogpu/innogpu_ion.h	identical	UNASSIGNED	OK
89	innogpu/innogpu_pci_drv.h	innogpu/innogpu_pci_drv.h	identical	UNASSIGNED	OK
90	innogpu/ion_lma_heap.c	innogpu/ion_lma_heap.c	identical	UNASSIGNED	OK
91	innogpu/ion_lma_heap.h	innogpu/ion_lma_heap.h	identical	UNASSIGNED	OK
92	innogpu/kernel_compat.c	innogpu/kernel_compat.c	identical	UNASSIGNED	OK
93	innogpu/kernel_compat.h	innogpu/kernel_compat.h	identical	UNASSIGNED	OK
94	innopmbus	innopmbus	identical	UNASSIGNED	OK
95	innopmbus/Makefile	innopmbus/Makefile	identical	UNASSIGNED	OK
96	innopmbus/innopmbus_drv.h	innopmbus/innopmbus_drv.h	identical	UNASSIGNED	OK
97	innopower	innopower	identical	UNASSIGNED	OK
98	innopower/Makefile	innopower/Makefile	identical	UNASSIGNED	OK
99	innopower/inno_devfreq_gov.h	innopower/inno_devfreq_gov.h	identical	UNASSIGNED	OK
100	innopower/inno_gs8601.c	innopower/inno_gs8601.c	identical	UNASSIGNED	OK
101	innopower/inno_input_event.c	innopower/inno_input_event.c	identical	UNASSIGNED	OK
102	innopower/inno_input_event.h	innopower/inno_input_event.h	identical	UNASSIGNED	OK
103	innopower/inno_is6608a.c	innopower/inno_is6608a.c	identical	UNASSIGNED	OK
104	innopower/inno_mp2979a.c	innopower/inno_mp2979a.c	identical	UNASSIGNED	OK
105	innopower/inno_mpq8645p.c	innopower/inno_mpq8645p.c	identical	UNASSIGNED	OK
106	innopower/inno_virture_chip.c	innopower/inno_virture_chip.c	identical	UNASSIGNED	OK
107	innopower/inno_xdpe12284.c	innopower/inno_xdpe12284.c	identical	UNASSIGNED	OK
108	innopower/innopower.c	innopower/innopower.c	identical	UNASSIGNED	OK
109	innopower/innopower.h	innopower/innopower.h	identical	UNASSIGNED	OK
110	innopower/power_hw_info.c	innopower/power_hw_info.c	identical	UNASSIGNED	OK
111	innopower/power_hw_info.h	innopower/power_hw_info.h	identical	UNASSIGNED	OK
112	innosmmu	innosmmu	identical	UNASSIGNED	OK
113	innosmmu/Makefile	innosmmu/Makefile	identical	UNASSIGNED	OK
114	innosmmu/innosmmu.o_shipped	innosmmu/innosmmu.o_shipped	identical	UNASSIGNED	OK
115	innosmmu/innosmmu_drv.h	innosmmu/innosmmu_drv.h	identical	UNASSIGNED	OK
116	innosrvkm	innosrvkm	identical	UNASSIGNED	OK
117	innosrvkm/Makefile	innosrvkm/Makefile	identical	UNASSIGNED	OK
118	innosrvkm/config_kernel.mk	innosrvkm/config_kernel.mk	identical	UNASSIGNED	OK
119	innosrvkm/event.c	innosrvkm/event.c	identical	UNASSIGNED	OK
120	innosrvkm/g3_ne_hdmi.c	innosrvkm/g3_ne_hdmi.c	identical	UNASSIGNED	OK
121	innosrvkm/g3_pdp0_hw.c	innosrvkm/g3_pdp0_hw.c	identical	UNASSIGNED	OK
122	innosrvkm/include	innosrvkm/include	identical	UNASSIGNED	OK
123	innosrvkm/include/allocmem.h	innosrvkm/include/allocmem.h	identical	UNASSIGNED	OK
124	innosrvkm/include/cache_km.h	innosrvkm/include/cache_km.h	identical	UNASSIGNED	OK
125	innosrvkm/include/cache_ops.h	innosrvkm/include/cache_ops.h	identical	UNASSIGNED	OK
126	innosrvkm/include/common_cache_bridge.h	innosrvkm/include/common_cache_bridge.h	identical	UNASSIGNED	OK
127	innosrvkm/include/common_cmm_bridge.h	innosrvkm/include/common_cmm_bridge.h	identical	UNASSIGNED	OK
128	innosrvkm/include/common_devicememhistory_bridge.h	innosrvkm/include/common_devicememhistory_bridge.h	identical	UNASSIGNED	OK
129	innosrvkm/include/common_di_bridge.h	innosrvkm/include/common_di_bridge.h	identical	UNASSIGNED	OK
130	innosrvkm/include/common_dma_bridge.h	innosrvkm/include/common_dma_bridge.h	identical	UNASSIGNED	OK
131	innosrvkm/include/common_dmabuf_bridge.h	innosrvkm/include/common_dmabuf_bridge.h	identical	UNASSIGNED	OK
132	innosrvkm/include/common_htbuffer_bridge.h	innosrvkm/include/common_htbuffer_bridge.h	identical	UNASSIGNED	OK
133	innosrvkm/include/common_innogpu_bridge.h	innosrvkm/include/common_innogpu_bridge.h	identical	UNASSIGNED	OK
134	innosrvkm/include/common_mm_bridge.h	innosrvkm/include/common_mm_bridge.h	identical	UNASSIGNED	OK
135	innosrvkm/include/common_mmextmem_bridge.h	innosrvkm/include/common_mmextmem_bridge.h	identical	UNASSIGNED	OK
136	innosrvkm/include/common_pvrtl_bridge.h	innosrvkm/include/common_pvrtl_bridge.h	identical	UNASSIGNED	OK
137	innosrvkm/include/common_rgxcmp_bridge.h	innosrvkm/include/common_rgxcmp_bridge.h	identical	UNASSIGNED	OK
138	innosrvkm/include/common_rgxfwdbg_bridge.h	innosrvkm/include/common_rgxfwdbg_bridge.h	identical	UNASSIGNED	OK
139	innosrvkm/include/common_rgxhwperf_bridge.h	innosrvkm/include/common_rgxhwperf_bridge.h	identical	UNASSIGNED	OK
140	innosrvkm/include/common_rgxkicksync_bridge.h	innosrvkm/include/common_rgxkicksync_bridge.h	identical	UNASSIGNED	OK
141	innosrvkm/include/common_rgxray_bridge.h	innosrvkm/include/common_rgxray_bridge.h	identical	UNASSIGNED	OK
142	innosrvkm/include/common_rgxregconfig_bridge.h	innosrvkm/include/common_rgxregconfig_bridge.h	identical	UNASSIGNED	OK
143	innosrvkm/include/common_rgxta3d_bridge.h	innosrvkm/include/common_rgxta3d_bridge.h	identical	UNASSIGNED	OK
144	innosrvkm/include/common_rgxtimerquery_bridge.h	innosrvkm/include/common_rgxtimerquery_bridge.h	identical	UNASSIGNED	OK
145	innosrvkm/include/common_rgxtq2_bridge.h	innosrvkm/include/common_rgxtq2_bridge.h	identical	UNASSIGNED	OK
146	innosrvkm/include/common_srvcore_bridge.h	innosrvkm/include/common_srvcore_bridge.h	identical	UNASSIGNED	OK
147	innosrvkm/include/common_sync_bridge.h	innosrvkm/include/common_sync_bridge.h	identical	UNASSIGNED	OK
148	innosrvkm/include/common_synctracking_bridge.h	innosrvkm/include/common_synctracking_bridge.h	identical	UNASSIGNED	OK
149	innosrvkm/include/config_kernel.h	innosrvkm/include/config_kernel.h	identical	UNASSIGNED	OK
150	innosrvkm/include/configs	innosrvkm/include/configs	identical	UNASSIGNED	OK
151	innosrvkm/include/configs/rgxconfig_km_35.V.1632.23.h	innosrvkm/include/configs/rgxconfig_km_35.V.1632.23.h	identical	UNASSIGNED	OK
152	innosrvkm/include/connection_server.h	innosrvkm/include/connection_server.h	identical	UNASSIGNED	OK
153	innosrvkm/include/cores	innosrvkm/include/cores	identical	UNASSIGNED	OK
154	innosrvkm/include/cores/rgxcore_km_35.2.1632.23.h	innosrvkm/include/cores/rgxcore_km_35.2.1632.23.h	identical	UNASSIGNED	OK
155	innosrvkm/include/cores/rgxcore_km_35.4.1632.23.h	innosrvkm/include/cores/rgxcore_km_35.4.1632.23.h	identical	UNASSIGNED	OK
156	innosrvkm/include/debug_common.h	innosrvkm/include/debug_common.h	identical	UNASSIGNED	OK
157	innosrvkm/include/device.h	innosrvkm/include/device.h	identical	UNASSIGNED	OK
158	innosrvkm/include/device_connection.h	innosrvkm/include/device_connection.h	identical	UNASSIGNED	OK
159	innosrvkm/include/devicemem.h	innosrvkm/include/devicemem.h	identical	UNASSIGNED	OK
160	innosrvkm/include/devicemem_heapcfg.h	innosrvkm/include/devicemem_heapcfg.h	identical	UNASSIGNED	OK
161	innosrvkm/include/devicemem_server.h	innosrvkm/include/devicemem_server.h	identical	UNASSIGNED	OK
162	innosrvkm/include/devicemem_server_utils.h	innosrvkm/include/devicemem_server_utils.h	identical	UNASSIGNED	OK
163	innosrvkm/include/devicemem_typedefs.h	innosrvkm/include/devicemem_typedefs.h	identical	UNASSIGNED	OK
164	innosrvkm/include/devicemem_utils.h	innosrvkm/include/devicemem_utils.h	identical	UNASSIGNED	OK
165	innosrvkm/include/di_common.h	innosrvkm/include/di_common.h	identical	UNASSIGNED	OK
166	innosrvkm/include/di_server.h	innosrvkm/include/di_server.h	identical	UNASSIGNED	OK
167	innosrvkm/include/dllist.h	innosrvkm/include/dllist.h	identical	UNASSIGNED	OK
168	innosrvkm/include/dma_km.h	innosrvkm/include/dma_km.h	identical	UNASSIGNED	OK
169	innosrvkm/include/dma_support.h	innosrvkm/include/dma_support.h	identical	UNASSIGNED	OK
170	innosrvkm/include/env_connection.h	innosrvkm/include/env_connection.h	identical	UNASSIGNED	OK
171	innosrvkm/include/event.h	innosrvkm/include/event.h	identical	UNASSIGNED	OK
172	innosrvkm/include/fwload.h	innosrvkm/include/fwload.h	identical	UNASSIGNED	OK
173	innosrvkm/include/g0_pdp0_hw.h	innosrvkm/include/g0_pdp0_hw.h	identical	UNASSIGNED	OK
174	innosrvkm/include/g0_soc_audio.h	innosrvkm/include/g0_soc_audio.h	identical	UNASSIGNED	OK
175	innosrvkm/include/g0m_pdp0_hw.h	innosrvkm/include/g0m_pdp0_hw.h	identical	UNASSIGNED	OK
176	innosrvkm/include/g1_pdp0_hw.h	innosrvkm/include/g1_pdp0_hw.h	identical	UNASSIGNED	OK
177	innosrvkm/include/g1_soc_audio.h	innosrvkm/include/g1_soc_audio.h	identical	UNASSIGNED	OK
178	innosrvkm/include/g1p_pdp0_hw.h	innosrvkm/include/g1p_pdp0_hw.h	identical	UNASSIGNED	OK
179	innosrvkm/include/g1p_soc_audio.h	innosrvkm/include/g1p_soc_audio.h	identical	UNASSIGNED	OK
180	innosrvkm/include/g3_ne_hdmi.h	innosrvkm/include/g3_ne_hdmi.h	identical	UNASSIGNED	OK
181	innosrvkm/include/g3_pdp0_hw.h	innosrvkm/include/g3_pdp0_hw.h	identical	UNASSIGNED	OK
182	innosrvkm/include/gen_g3_ne_hdmi.h	innosrvkm/include/gen_g3_ne_hdmi.h	identical	UNASSIGNED	OK
183	innosrvkm/include/handle.h	innosrvkm/include/handle.h	identical	UNASSIGNED	OK
184	innosrvkm/include/handle_impl.h	innosrvkm/include/handle_impl.h	identical	UNASSIGNED	OK
185	innosrvkm/include/handle_types.h	innosrvkm/include/handle_types.h	identical	UNASSIGNED	OK
186	innosrvkm/include/hash.h	innosrvkm/include/hash.h	identical	UNASSIGNED	OK
187	innosrvkm/include/htbserver.h	innosrvkm/include/htbserver.h	identical	UNASSIGNED	OK
188	innosrvkm/include/htbuffer.h	innosrvkm/include/htbuffer.h	identical	UNASSIGNED	OK
189	innosrvkm/include/htbuffer_sf.h	innosrvkm/include/htbuffer_sf.h	identical	UNASSIGNED	OK
190	innosrvkm/include/htbuffer_types.h	innosrvkm/include/htbuffer_types.h	identical	UNASSIGNED	OK
191	innosrvkm/include/img_3dtypes.h	innosrvkm/include/img_3dtypes.h	identical	UNASSIGNED	OK
192	innosrvkm/include/img_defs.h	innosrvkm/include/img_defs.h	identical	UNASSIGNED	OK
193	innosrvkm/include/img_drm_fourcc_internal.h	innosrvkm/include/img_drm_fourcc_internal.h	identical	UNASSIGNED	OK
194	innosrvkm/include/img_elf.h	innosrvkm/include/img_elf.h	identical	UNASSIGNED	OK
195	innosrvkm/include/img_types.h	innosrvkm/include/img_types.h	identical	UNASSIGNED	OK
196	innosrvkm/include/info_page_defs.h	innosrvkm/include/info_page_defs.h	identical	UNASSIGNED	OK
197	innosrvkm/include/inno_debugfs.h	innosrvkm/include/inno_debugfs.h	identical	UNASSIGNED	OK
198	innosrvkm/include/inno_drm_version.h	innosrvkm/include/inno_drm_version.h	identical	UNASSIGNED	OK
199	innosrvkm/include/inno_physmem_dmabuf_helper.h	innosrvkm/include/inno_physmem_dmabuf_helper.h	identical	UNASSIGNED	OK
200	innosrvkm/include/inno_pmr.h	innosrvkm/include/inno_pmr.h	identical	UNASSIGNED	OK
201	innosrvkm/include/inno_pvr_spec.h	innosrvkm/include/inno_pvr_spec.h	identical	UNASSIGNED	OK
202	innosrvkm/include/inno_trace.h	innosrvkm/include/inno_trace.h	identical	UNASSIGNED	OK
203	innosrvkm/include/innoaudio_chip_common.h	innosrvkm/include/innoaudio_chip_common.h	identical	UNASSIGNED	OK
204	innosrvkm/include/innoaudio_drv.h	innosrvkm/include/innoaudio_drv.h	identical	UNASSIGNED	OK
205	innosrvkm/include/innoaudio_print.h	innosrvkm/include/innoaudio_print.h	identical	UNASSIGNED	OK
206	innosrvkm/include/innodpu_audio_api.h	innosrvkm/include/innodpu_audio_api.h	identical	UNASSIGNED	OK
207	innosrvkm/include/innodpu_common.h	innosrvkm/include/innodpu_common.h	identical	UNASSIGNED	OK
208	innosrvkm/include/innodpu_common_drm_panel.h	innosrvkm/include/innodpu_common_drm_panel.h	identical	UNASSIGNED	OK
209	innosrvkm/include/innodpu_connector.h	innosrvkm/include/innodpu_connector.h	identical	UNASSIGNED	OK
210	innosrvkm/include/innodpu_dp.h	innosrvkm/include/innodpu_dp.h	identical	UNASSIGNED	OK
211	innosrvkm/include/innodpu_dp_audio_api.h	innosrvkm/include/innodpu_dp_audio_api.h	identical	UNASSIGNED	OK
212	innosrvkm/include/innodpu_dp_common.h	innosrvkm/include/innodpu_dp_common.h	identical	UNASSIGNED	OK
213	innosrvkm/include/innodpu_dp_debugfs.h	innosrvkm/include/innodpu_dp_debugfs.h	identical	UNASSIGNED	OK
214	innosrvkm/include/innodpu_dp_vcodiv.h	innosrvkm/include/innodpu_dp_vcodiv.h	identical	UNASSIGNED	OK
215	innosrvkm/include/innodpu_dpu.h	innosrvkm/include/innodpu_dpu.h	identical	UNASSIGNED	OK
216	innosrvkm/include/innodpu_drm_debugfs.h	innosrvkm/include/innodpu_drm_debugfs.h	identical	UNASSIGNED	OK
217	innosrvkm/include/innodpu_drm_drv.h	innosrvkm/include/innodpu_drm_drv.h	identical	UNASSIGNED	OK
218	innosrvkm/include/innodpu_drm_fb.h	innosrvkm/include/innodpu_drm_fb.h	identical	UNASSIGNED	OK
219	innosrvkm/include/innodpu_drm_modeset.h	innosrvkm/include/innodpu_drm_modeset.h	identical	UNASSIGNED	OK
220	innosrvkm/include/innodpu_drm_pm.h	innosrvkm/include/innodpu_drm_pm.h	identical	UNASSIGNED	OK
221	innosrvkm/include/innodpu_hdmi.h	innosrvkm/include/innodpu_hdmi.h	identical	UNASSIGNED	OK
222	innosrvkm/include/innodpu_hdmi_audio_api.h	innosrvkm/include/innodpu_hdmi_audio_api.h	identical	UNASSIGNED	OK
223	innosrvkm/include/innodpu_hdmi_common.h	innosrvkm/include/innodpu_hdmi_common.h	identical	UNASSIGNED	OK
224	innosrvkm/include/innodpu_hdmi_debugfs.h	innosrvkm/include/innodpu_hdmi_debugfs.h	identical	UNASSIGNED	OK
225	innosrvkm/include/innodpu_module_param.h	innosrvkm/include/innodpu_module_param.h	identical	UNASSIGNED	OK
226	innosrvkm/include/innodpu_panel_backlight.h	innosrvkm/include/innodpu_panel_backlight.h	identical	UNASSIGNED	OK
227	innosrvkm/include/innodpu_panel_pwr.h	innosrvkm/include/innodpu_panel_pwr.h	identical	UNASSIGNED	OK
228	innosrvkm/include/innodpu_parse_edid.h	innosrvkm/include/innodpu_parse_edid.h	identical	UNASSIGNED	OK
229	innosrvkm/include/innodpu_pmbus_fpga.h	innosrvkm/include/innodpu_pmbus_fpga.h	identical	UNASSIGNED	OK
230	innosrvkm/include/innodpu_vga.h	innosrvkm/include/innodpu_vga.h	identical	UNASSIGNED	OK
231	innosrvkm/include/innodpu_vga_common.h	innosrvkm/include/innodpu_vga_common.h	identical	UNASSIGNED	OK
232	innosrvkm/include/innodpu_vga_debugfs.h	innosrvkm/include/innodpu_vga_debugfs.h	identical	UNASSIGNED	OK
233	innosrvkm/include/innodpu_vkms.h	innosrvkm/include/innodpu_vkms.h	identical	UNASSIGNED	OK
234	innosrvkm/include/innogpu_defs.h	innosrvkm/include/innogpu_defs.h	identical	UNASSIGNED	OK
235	innosrvkm/include/innogpu_drm.h	innosrvkm/include/innogpu_drm.h	identical	UNASSIGNED	OK
236	innosrvkm/include/innogpu_drm_init.h	innosrvkm/include/innogpu_drm_init.h	identical	UNASSIGNED	OK
237	innosrvkm/include/innoversion.h	innosrvkm/include/innoversion.h	identical	UNASSIGNED	OK
238	innosrvkm/include/interrupt_support.h	innosrvkm/include/interrupt_support.h	identical	UNASSIGNED	OK
239	innosrvkm/include/kernel_compatibility.h	innosrvkm/include/kernel_compatibility.h	identical	UNASSIGNED	OK
240	innosrvkm/include/kernel_nospec.h	innosrvkm/include/kernel_nospec.h	identical	UNASSIGNED	OK
241	innosrvkm/include/kernel_types.h	innosrvkm/include/kernel_types.h	identical	UNASSIGNED	OK
242	innosrvkm/include/km	innosrvkm/include/km	identical	UNASSIGNED	OK
243	innosrvkm/include/km/rgxdefs_km.h	innosrvkm/include/km/rgxdefs_km.h	identical	UNASSIGNED	OK
244	innosrvkm/include/km_apphint.h	innosrvkm/include/km_apphint.h	identical	UNASSIGNED	OK
245	innosrvkm/include/km_apphint_defs.h	innosrvkm/include/km_apphint_defs.h	identical	UNASSIGNED	OK
246	innosrvkm/include/km_apphint_defs_common.h	innosrvkm/include/km_apphint_defs_common.h	identical	UNASSIGNED	OK
247	innosrvkm/include/linkage.h	innosrvkm/include/linkage.h	identical	UNASSIGNED	OK
248	innosrvkm/include/linux_sw_sync.h	innosrvkm/include/linux_sw_sync.h	identical	UNASSIGNED	OK
249	innosrvkm/include/lock.h	innosrvkm/include/lock.h	identical	UNASSIGNED	OK
250	innosrvkm/include/lock_types.h	innosrvkm/include/lock_types.h	identical	UNASSIGNED	OK
251	innosrvkm/include/log2.h	innosrvkm/include/log2.h	identical	UNASSIGNED	OK
252	innosrvkm/include/mmu_common.h	innosrvkm/include/mmu_common.h	identical	UNASSIGNED	OK
253	innosrvkm/include/module_common.h	innosrvkm/include/module_common.h	identical	UNASSIGNED	OK
254	innosrvkm/include/netlink.h	innosrvkm/include/netlink.h	identical	UNASSIGNED	OK
255	innosrvkm/include/opaque_types.h	innosrvkm/include/opaque_types.h	identical	UNASSIGNED	OK
256	innosrvkm/include/os_cpu_cache.h	innosrvkm/include/os_cpu_cache.h	identical	UNASSIGNED	OK
257	innosrvkm/include/osconnection_server.h	innosrvkm/include/osconnection_server.h	identical	UNASSIGNED	OK
258	innosrvkm/include/osdi_impl.h	innosrvkm/include/osdi_impl.h	identical	UNASSIGNED	OK
259	innosrvkm/include/osfunc.h	innosrvkm/include/osfunc.h	identical	UNASSIGNED	OK
260	innosrvkm/include/osfunc_common.h	innosrvkm/include/osfunc_common.h	identical	UNASSIGNED	OK
261	innosrvkm/include/osmmap.h	innosrvkm/include/osmmap.h	identical	UNASSIGNED	OK
262	innosrvkm/include/ospvr_gputrace.h	innosrvkm/include/ospvr_gputrace.h	identical	UNASSIGNED	OK
263	innosrvkm/include/pci_support.h	innosrvkm/include/pci_support.h	identical	UNASSIGNED	OK
264	innosrvkm/include/pdp0_common.h	innosrvkm/include/pdp0_common.h	identical	UNASSIGNED	OK
265	innosrvkm/include/pdp0_crtc.h	innosrvkm/include/pdp0_crtc.h	identical	UNASSIGNED	OK
266	innosrvkm/include/pdp0_drv.h	innosrvkm/include/pdp0_drv.h	identical	UNASSIGNED	OK
267	innosrvkm/include/pdp0_hw.h	innosrvkm/include/pdp0_hw.h	identical	UNASSIGNED	OK
268	innosrvkm/include/pdp0_plane.h	innosrvkm/include/pdp0_plane.h	identical	UNASSIGNED	OK
269	innosrvkm/include/pdp_drm.h	innosrvkm/include/pdp_drm.h	identical	UNASSIGNED	OK
270	innosrvkm/include/pdump.h	innosrvkm/include/pdump.h	identical	UNASSIGNED	OK
271	innosrvkm/include/pdump_km.h	innosrvkm/include/pdump_km.h	identical	UNASSIGNED	OK
272	innosrvkm/include/pdump_mmu.h	innosrvkm/include/pdump_mmu.h	identical	UNASSIGNED	OK
273	innosrvkm/include/pdump_symbolicaddr.h	innosrvkm/include/pdump_symbolicaddr.h	identical	UNASSIGNED	OK
274	innosrvkm/include/pdumpdefs.h	innosrvkm/include/pdumpdefs.h	identical	UNASSIGNED	OK
275	innosrvkm/include/physheap.h	innosrvkm/include/physheap.h	identical	UNASSIGNED	OK
276	innosrvkm/include/physheap_config.h	innosrvkm/include/physheap_config.h	identical	UNASSIGNED	OK
277	innosrvkm/include/physmem.h	innosrvkm/include/physmem.h	identical	UNASSIGNED	OK
278	innosrvkm/include/physmem_dmabuf.h	innosrvkm/include/physmem_dmabuf.h	identical	UNASSIGNED	OK
279	innosrvkm/include/physmem_dmabuf_internal.h	innosrvkm/include/physmem_dmabuf_internal.h	identical	UNASSIGNED	OK
280	innosrvkm/include/physmem_lma.h	innosrvkm/include/physmem_lma.h	identical	UNASSIGNED	OK
281	innosrvkm/include/physmem_osmem.h	innosrvkm/include/physmem_osmem.h	identical	UNASSIGNED	OK
282	innosrvkm/include/pmr.h	innosrvkm/include/pmr.h	identical	UNASSIGNED	OK
283	innosrvkm/include/pmr_impl.h	innosrvkm/include/pmr_impl.h	identical	UNASSIGNED	OK
284	innosrvkm/include/pmr_os.h	innosrvkm/include/pmr_os.h	identical	UNASSIGNED	OK
285	innosrvkm/include/power.h	innosrvkm/include/power.h	identical	UNASSIGNED	OK
286	innosrvkm/include/powervr	innosrvkm/include/powervr	identical	UNASSIGNED	OK
287	innosrvkm/include/powervr/buffer_attribs.h	innosrvkm/include/powervr/buffer_attribs.h	identical	UNASSIGNED	OK
288	innosrvkm/include/powervr/img_drm_fourcc.h	innosrvkm/include/powervr/img_drm_fourcc.h	identical	UNASSIGNED	OK
289	innosrvkm/include/powervr/mem_types.h	innosrvkm/include/powervr/mem_types.h	identical	UNASSIGNED	OK
290	innosrvkm/include/powervr/pvrsrv_sync_ext.h	innosrvkm/include/powervr/pvrsrv_sync_ext.h	identical	UNASSIGNED	OK
291	innosrvkm/include/private_data.h	innosrvkm/include/private_data.h	identical	UNASSIGNED	OK
292	innosrvkm/include/proc_stats.h	innosrvkm/include/proc_stats.h	identical	UNASSIGNED	OK
293	innosrvkm/include/process_stats.h	innosrvkm/include/process_stats.h	identical	UNASSIGNED	OK
294	innosrvkm/include/pvr_bridge.h	innosrvkm/include/pvr_bridge.h	identical	UNASSIGNED	OK
295	innosrvkm/include/pvr_bridge_k.h	innosrvkm/include/pvr_bridge_k.h	identical	UNASSIGNED	OK
296	innosrvkm/include/pvr_buffer_sync.h	innosrvkm/include/pvr_buffer_sync.h	identical	UNASSIGNED	OK
297	innosrvkm/include/pvr_buffer_sync_shared.h	innosrvkm/include/pvr_buffer_sync_shared.h	identical	UNASSIGNED	OK
298	innosrvkm/include/pvr_counting_timeline.h	innosrvkm/include/pvr_counting_timeline.h	identical	UNASSIGNED	OK
299	innosrvkm/include/pvr_debug.h	innosrvkm/include/pvr_debug.h	identical	UNASSIGNED	OK
300	innosrvkm/include/pvr_debugfs.h	innosrvkm/include/pvr_debugfs.h	identical	UNASSIGNED	OK
301	innosrvkm/include/pvr_dicommon.h	innosrvkm/include/pvr_dicommon.h	identical	UNASSIGNED	OK
302	innosrvkm/include/pvr_dma_resv.h	innosrvkm/include/pvr_dma_resv.h	identical	UNASSIGNED	OK
303	innosrvkm/include/pvr_drm.h	innosrvkm/include/pvr_drm.h	identical	UNASSIGNED	OK
304	innosrvkm/include/pvr_drv.h	innosrvkm/include/pvr_drv.h	identical	UNASSIGNED	OK
305	innosrvkm/include/pvr_dvfs.h	innosrvkm/include/pvr_dvfs.h	identical	UNASSIGNED	OK
306	innosrvkm/include/pvr_dvfs_device.h	innosrvkm/include/pvr_dvfs_device.h	identical	UNASSIGNED	OK
307	innosrvkm/include/pvr_export_fence.h	innosrvkm/include/pvr_export_fence.h	identical	UNASSIGNED	OK
308	innosrvkm/include/pvr_fd_sync_kernel.h	innosrvkm/include/pvr_fd_sync_kernel.h	identical	UNASSIGNED	OK
309	innosrvkm/include/pvr_fence.h	innosrvkm/include/pvr_fence.h	identical	UNASSIGNED	OK
310	innosrvkm/include/pvr_linux_fence.h	innosrvkm/include/pvr_linux_fence.h	identical	UNASSIGNED	OK
311	innosrvkm/include/pvr_notifier.h	innosrvkm/include/pvr_notifier.h	identical	UNASSIGNED	OK
312	innosrvkm/include/pvr_procfs.h	innosrvkm/include/pvr_procfs.h	identical	UNASSIGNED	OK
313	innosrvkm/include/pvr_sw_fence.h	innosrvkm/include/pvr_sw_fence.h	identical	UNASSIGNED	OK
314	innosrvkm/include/pvr_sync.h	innosrvkm/include/pvr_sync.h	identical	UNASSIGNED	OK
315	innosrvkm/include/pvr_sync_api.h	innosrvkm/include/pvr_sync_api.h	identical	UNASSIGNED	OK
316	innosrvkm/include/pvr_sync_ioctl_common.h	innosrvkm/include/pvr_sync_ioctl_common.h	identical	UNASSIGNED	OK
317	innosrvkm/include/pvr_sync_ioctl_drm.h	innosrvkm/include/pvr_sync_ioctl_drm.h	identical	UNASSIGNED	OK
318	innosrvkm/include/pvr_uaccess.h	innosrvkm/include/pvr_uaccess.h	identical	UNASSIGNED	OK
319	innosrvkm/include/pvrmodule.h	innosrvkm/include/pvrmodule.h	identical	UNASSIGNED	OK
320	innosrvkm/include/pvrsrv.h	innosrvkm/include/pvrsrv.h	identical	UNASSIGNED	OK
321	innosrvkm/include/pvrsrv_apphint.h	innosrvkm/include/pvrsrv_apphint.h	identical	UNASSIGNED	OK
322	innosrvkm/include/pvrsrv_bridge_init.h	innosrvkm/include/pvrsrv_bridge_init.h	identical	UNASSIGNED	OK
323	innosrvkm/include/pvrsrv_cleanup.h	innosrvkm/include/pvrsrv_cleanup.h	identical	UNASSIGNED	OK
324	innosrvkm/include/pvrsrv_device.h	innosrvkm/include/pvrsrv_device.h	identical	UNASSIGNED	OK
325	innosrvkm/include/pvrsrv_device_types.h	innosrvkm/include/pvrsrv_device_types.h	identical	UNASSIGNED	OK
326	innosrvkm/include/pvrsrv_error.h	innosrvkm/include/pvrsrv_error.h	identical	UNASSIGNED	OK
327	innosrvkm/include/pvrsrv_errors.h	innosrvkm/include/pvrsrv_errors.h	identical	UNASSIGNED	OK
328	innosrvkm/include/pvrsrv_firmware_boot.h	innosrvkm/include/pvrsrv_firmware_boot.h	identical	UNASSIGNED	OK
329	innosrvkm/include/pvrsrv_memalloc_physheap.h	innosrvkm/include/pvrsrv_memalloc_physheap.h	identical	UNASSIGNED	OK
330	innosrvkm/include/pvrsrv_memallocflags.h	innosrvkm/include/pvrsrv_memallocflags.h	identical	UNASSIGNED	OK
331	innosrvkm/include/pvrsrv_memallocflags_internal.h	innosrvkm/include/pvrsrv_memallocflags_internal.h	identical	UNASSIGNED	OK
332	innosrvkm/include/pvrsrv_pool.h	innosrvkm/include/pvrsrv_pool.h	identical	UNASSIGNED	OK
333	innosrvkm/include/pvrsrv_sync_km.h	innosrvkm/include/pvrsrv_sync_km.h	identical	UNASSIGNED	OK
334	innosrvkm/include/pvrsrv_sync_server.h	innosrvkm/include/pvrsrv_sync_server.h	identical	UNASSIGNED	OK
335	innosrvkm/include/pvrsrv_tlcommon.h	innosrvkm/include/pvrsrv_tlcommon.h	identical	UNASSIGNED	OK
336	innosrvkm/include/pvrsrv_tlstreams.h	innosrvkm/include/pvrsrv_tlstreams.h	identical	UNASSIGNED	OK
337	innosrvkm/include/pvrversion.h	innosrvkm/include/pvrversion.h	identical	UNASSIGNED	OK
338	innosrvkm/include/ra.h	innosrvkm/include/ra.h	identical	UNASSIGNED	OK
339	innosrvkm/include/rgx_bridge.h	innosrvkm/include/rgx_bridge.h	identical	UNASSIGNED	OK
340	innosrvkm/include/rgx_bvnc_defs_km.h	innosrvkm/include/rgx_bvnc_defs_km.h	identical	UNASSIGNED	OK
341	innosrvkm/include/rgx_common.h	innosrvkm/include/rgx_common.h	identical	UNASSIGNED	OK
342	innosrvkm/include/rgx_common_asserts.h	innosrvkm/include/rgx_common_asserts.h	identical	UNASSIGNED	OK
343	innosrvkm/include/rgx_cr_defs_km.h	innosrvkm/include/rgx_cr_defs_km.h	identical	UNASSIGNED	OK
344	innosrvkm/include/rgx_firmware_boot.h	innosrvkm/include/rgx_firmware_boot.h	identical	UNASSIGNED	OK
345	innosrvkm/include/rgx_fw_info.h	innosrvkm/include/rgx_fw_info.h	identical	UNASSIGNED	OK
346	innosrvkm/include/rgx_fwif_hwperf.h	innosrvkm/include/rgx_fwif_hwperf.h	identical	UNASSIGNED	OK
347	innosrvkm/include/rgx_fwif_km.h	innosrvkm/include/rgx_fwif_km.h	identical	UNASSIGNED	OK
348	innosrvkm/include/rgx_fwif_resetframework.h	innosrvkm/include/rgx_fwif_resetframework.h	identical	UNASSIGNED	OK
349	innosrvkm/include/rgx_fwif_shared.h	innosrvkm/include/rgx_fwif_shared.h	identical	UNASSIGNED	OK
350	innosrvkm/include/rgx_heap_firmware.h	innosrvkm/include/rgx_heap_firmware.h	identical	UNASSIGNED	OK
351	innosrvkm/include/rgx_heaps.h	innosrvkm/include/rgx_heaps.h	identical	UNASSIGNED	OK
352	innosrvkm/include/rgx_hwperf.h	innosrvkm/include/rgx_hwperf.h	identical	UNASSIGNED	OK
353	innosrvkm/include/rgx_hwperf_common.h	innosrvkm/include/rgx_hwperf_common.h	identical	UNASSIGNED	OK
354	innosrvkm/include/rgx_hwperf_table.h	innosrvkm/include/rgx_hwperf_table.h	identical	UNASSIGNED	OK
355	innosrvkm/include/rgx_memallocflags.h	innosrvkm/include/rgx_memallocflags.h	identical	UNASSIGNED	OK
356	innosrvkm/include/rgx_meta.h	innosrvkm/include/rgx_meta.h	identical	UNASSIGNED	OK
357	innosrvkm/include/rgx_pdump_panics.h	innosrvkm/include/rgx_pdump_panics.h	identical	UNASSIGNED	OK
358	innosrvkm/include/rgx_riscv.h	innosrvkm/include/rgx_riscv.h	identical	UNASSIGNED	OK
359	innosrvkm/include/rgxapi_km.h	innosrvkm/include/rgxapi_km.h	identical	UNASSIGNED	OK
360	innosrvkm/include/rgxccb.h	innosrvkm/include/rgxccb.h	identical	UNASSIGNED	OK
361	innosrvkm/include/rgxdefs_km.h	innosrvkm/include/rgxdefs_km.h	identical	UNASSIGNED	OK
362	innosrvkm/include/rgxdevice.h	innosrvkm/include/rgxdevice.h	identical	UNASSIGNED	OK
363	innosrvkm/include/rgxfwmemctx.h	innosrvkm/include/rgxfwmemctx.h	identical	UNASSIGNED	OK
364	innosrvkm/include/rgxfwutils.h	innosrvkm/include/rgxfwutils.h	identical	UNASSIGNED	OK
365	innosrvkm/include/rgxgpuutil.h	innosrvkm/include/rgxgpuutil.h	identical	UNASSIGNED	OK
366	innosrvkm/include/rgxheapconfig.h	innosrvkm/include/rgxheapconfig.h	identical	UNASSIGNED	OK
367	innosrvkm/include/rgxhwperf.h	innosrvkm/include/rgxhwperf.h	identical	UNASSIGNED	OK
368	innosrvkm/include/rgxhwperf_common.h	innosrvkm/include/rgxhwperf_common.h	identical	UNASSIGNED	OK
369	innosrvkm/include/rgxinit.h	innosrvkm/include/rgxinit.h	identical	UNASSIGNED	OK
370	innosrvkm/include/rgxinit_apphints.h	innosrvkm/include/rgxinit_apphints.h	identical	UNASSIGNED	OK
371	innosrvkm/include/rgxlayer.h	innosrvkm/include/rgxlayer.h	identical	UNASSIGNED	OK
372	innosrvkm/include/rgxlayer_impl.h	innosrvkm/include/rgxlayer_impl.h	identical	UNASSIGNED	OK
373	innosrvkm/include/rgxmem.h	innosrvkm/include/rgxmem.h	identical	UNASSIGNED	OK
374	innosrvkm/include/rgxstartstop.h	innosrvkm/include/rgxstartstop.h	identical	UNASSIGNED	OK
375	innosrvkm/include/rgxta3d.h	innosrvkm/include/rgxta3d.h	identical	UNASSIGNED	OK
376	innosrvkm/include/rgxtimecorr.h	innosrvkm/include/rgxtimecorr.h	identical	UNASSIGNED	OK
377	innosrvkm/include/rgxutils.h	innosrvkm/include/rgxutils.h	identical	UNASSIGNED	OK
378	innosrvkm/include/ri_server.h	innosrvkm/include/ri_server.h	identical	UNASSIGNED	OK
379	innosrvkm/include/ri_typedefs.h	innosrvkm/include/ri_typedefs.h	identical	UNASSIGNED	OK
380	innosrvkm/include/services_kernel_client.h	innosrvkm/include/services_kernel_client.h	identical	UNASSIGNED	OK
381	innosrvkm/include/services_km.h	innosrvkm/include/services_km.h	identical	UNASSIGNED	OK
382	innosrvkm/include/servicesext.h	innosrvkm/include/servicesext.h	identical	UNASSIGNED	OK
383	innosrvkm/include/sofunc_pvr.h	innosrvkm/include/sofunc_pvr.h	identical	UNASSIGNED	OK
384	innosrvkm/include/sofunc_rgx.h	innosrvkm/include/sofunc_rgx.h	identical	UNASSIGNED	OK
385	innosrvkm/include/srvcore.h	innosrvkm/include/srvcore.h	identical	UNASSIGNED	OK
386	innosrvkm/include/srvinit.h	innosrvkm/include/srvinit.h	identical	UNASSIGNED	OK
387	innosrvkm/include/srvkm.h	innosrvkm/include/srvkm.h	identical	UNASSIGNED	OK
388	innosrvkm/include/sync_checkpoint.h	innosrvkm/include/sync_checkpoint.h	identical	UNASSIGNED	OK
389	innosrvkm/include/sync_checkpoint_external.h	innosrvkm/include/sync_checkpoint_external.h	identical	UNASSIGNED	OK
390	innosrvkm/include/sync_internal.h	innosrvkm/include/sync_internal.h	identical	UNASSIGNED	OK
391	innosrvkm/include/sync_prim_internal.h	innosrvkm/include/sync_prim_internal.h	identical	UNASSIGNED	OK
392	innosrvkm/include/sync_server.h	innosrvkm/include/sync_server.h	identical	UNASSIGNED	OK
393	innosrvkm/include/syscommon.h	innosrvkm/include/syscommon.h	identical	UNASSIGNED	OK
394	innosrvkm/include/sysinfo.h	innosrvkm/include/sysinfo.h	identical	UNASSIGNED	OK
395	innosrvkm/include/tlclient.h	innosrvkm/include/tlclient.h	identical	UNASSIGNED	OK
396	innosrvkm/include/tlstream.h	innosrvkm/include/tlstream.h	identical	UNASSIGNED	OK
397	innosrvkm/include/trace_events.h	innosrvkm/include/trace_events.h	identical	UNASSIGNED	OK
398	innosrvkm/include/vmm_impl.h	innosrvkm/include/vmm_impl.h	identical	UNASSIGNED	OK
399	innosrvkm/include/vz_vmm_pvz.h	innosrvkm/include/vz_vmm_pvz.h	identical	UNASSIGNED	OK
400	innosrvkm/inno_apphint.c	innosrvkm/inno_apphint.c	identical	UNASSIGNED	OK
401	innosrvkm/inno_debugfs.c	innosrvkm/inno_debugfs.c	identical	UNASSIGNED	OK
402	innosrvkm/inno_physmem_dmabuf_helper.c	innosrvkm/inno_physmem_dmabuf_helper.c	identical	UNASSIGNED	OK
403	innosrvkm/inno_pmr.c	innosrvkm/inno_pmr.c	identical	UNASSIGNED	OK
404	innosrvkm/inno_pvr_spec.c	innosrvkm/inno_pvr_spec.c	identical	UNASSIGNED	OK
405	innosrvkm/inno_trace.c	innosrvkm/inno_trace.c	identical	UNASSIGNED	OK
406	innosrvkm/innoaudio_chip_common.c	innosrvkm/innoaudio_chip_common.c	identical	UNASSIGNED	OK
407	innosrvkm/innoaudio_drv.c	innosrvkm/innoaudio_drv.c	identical	UNASSIGNED	OK
408	innosrvkm/innoaudio_print.c	innosrvkm/innoaudio_print.c	identical	UNASSIGNED	OK
409	innosrvkm/innodpu_audio_api.c	innosrvkm/innodpu_audio_api.c	identical	UNASSIGNED	OK
410	innosrvkm/innodpu_common_drm_panel.c	innosrvkm/innodpu_common_drm_panel.c	identical	UNASSIGNED	OK
411	innosrvkm/innodpu_compatibility.c	innosrvkm/innodpu_compatibility.c	identical	UNASSIGNED	OK
412	innosrvkm/innodpu_dp_audio_api.c	innosrvkm/innodpu_dp_audio_api.c	identical	UNASSIGNED	OK
413	innosrvkm/innodpu_dp_common.c	innosrvkm/innodpu_dp_common.c	identical	UNASSIGNED	OK
414	innosrvkm/innodpu_dpu.c	innosrvkm/innodpu_dpu.c	identical	UNASSIGNED	OK
415	innosrvkm/innodpu_drm_debugfs.c	innosrvkm/innodpu_drm_debugfs.c	identical	UNASSIGNED	OK
416	innosrvkm/innodpu_drm_drv.c	innosrvkm/innodpu_drm_drv.c	identical	UNASSIGNED	OK
417	innosrvkm/innodpu_drm_pm.c	innosrvkm/innodpu_drm_pm.c	identical	UNASSIGNED	OK
418	innosrvkm/innodpu_hdmi_audio_api.c	innosrvkm/innodpu_hdmi_audio_api.c	identical	UNASSIGNED	OK
419	innosrvkm/innodpu_hdmi_common.c	innosrvkm/innodpu_hdmi_common.c	identical	UNASSIGNED	OK
420	innosrvkm/innodpu_hdmi_debugfs.c	innosrvkm/innodpu_hdmi_debugfs.c	identical	UNASSIGNED	OK
421	innosrvkm/innodpu_module_param.c	innosrvkm/innodpu_module_param.c	identical	UNASSIGNED	OK
422	innosrvkm/innodpu_panel_pwr.c	innosrvkm/innodpu_panel_pwr.c	identical	UNASSIGNED	OK
423	innosrvkm/innodpu_parse_edid.c	innosrvkm/innodpu_parse_edid.c	identical	UNASSIGNED	OK
424	innosrvkm/innodpu_pmbus_fpga.c	innosrvkm/innodpu_pmbus_fpga.c	identical	UNASSIGNED	OK
425	innosrvkm/innodpu_vga_debugfs.c	innosrvkm/innodpu_vga_debugfs.c	identical	UNASSIGNED	OK
426	innosrvkm/innodpu_vkms.c	innosrvkm/innodpu_vkms.c	identical	UNASSIGNED	OK
427	innosrvkm/innosrvkm.o_shipped	innosrvkm/innosrvkm.o_shipped	identical	UNASSIGNED	OK
428	innosrvkm/pdp0_common.c	innosrvkm/pdp0_common.c	identical	UNASSIGNED	OK
429	innosrvkm/pdp0_drv.c	innosrvkm/pdp0_drv.c	identical	UNASSIGNED	OK
430	innosrvkm/pdp0_plane.c	innosrvkm/pdp0_plane.c	identical	UNASSIGNED	OK
431	innosrvkm/pvr_bridge_k.c	innosrvkm/pvr_bridge_k.c	identical	UNASSIGNED	OK
432	innosrvkm/pvr_buffer_sync.c	innosrvkm/pvr_buffer_sync.c	identical	UNASSIGNED	OK
433	innosrvkm/pvr_counting_timeline.c	innosrvkm/pvr_counting_timeline.c	identical	UNASSIGNED	OK
434	innosrvkm/pvr_debugfs.c	innosrvkm/pvr_debugfs.c	identical	UNASSIGNED	OK
435	innosrvkm/pvr_export_fence.c	innosrvkm/pvr_export_fence.c	identical	UNASSIGNED	OK
436	innosrvkm/pvr_fence.c	innosrvkm/pvr_fence.c	identical	UNASSIGNED	OK
437	innosrvkm/pvr_gputrace.c	innosrvkm/pvr_gputrace.c	identical	UNASSIGNED	OK
438	innosrvkm/pvr_platform_drv.c	innosrvkm/pvr_platform_drv.c	identical	UNASSIGNED	OK
439	innosrvkm/pvr_procfs.c	innosrvkm/pvr_procfs.c	identical	UNASSIGNED	OK
440	innosrvkm/pvr_sw_fence.c	innosrvkm/pvr_sw_fence.c	identical	UNASSIGNED	OK
441	innosrvkm/pvr_sync_file.c	innosrvkm/pvr_sync_file.c	identical	UNASSIGNED	OK
442	innosrvkm/pvr_sync_ioctl_common.c	innosrvkm/pvr_sync_ioctl_common.c	identical	UNASSIGNED	OK
443	innosrvkm/pvr_sync_ioctl_drm.c	innosrvkm/pvr_sync_ioctl_drm.c	identical	UNASSIGNED	OK
444	innosrvkm/trace_events.c	innosrvkm/trace_events.c	identical	UNASSIGNED	OK
445	innovpu	innovpu	identical	UNASSIGNED	OK
446	innovpu/Makefile	innovpu/Makefile	identical	UNASSIGNED	OK
447	innovpu/innovpu.h	innovpu/innovpu.h	identical	UNASSIGNED	OK
448	innovpu/innovpu.o_shipped	innovpu/innovpu.o_shipped	identical	UNASSIGNED	OK
449	innovpu/innovpu_common.h	innovpu/innovpu_common.h	identical	UNASSIGNED	OK
450	innovpu/innovpu_dmabuf.c	innovpu/innovpu_dmabuf.c	identical	UNASSIGNED	OK
451	innovpu/innovpu_dmabuf.h	innovpu/innovpu_dmabuf.h	identical	UNASSIGNED	OK
452	innovpu/innovpu_drv.h	innovpu/innovpu_drv.h	identical	UNASSIGNED	OK
453	innovpu/innovpu_for_umd.h	innovpu/innovpu_for_umd.h	identical	UNASSIGNED	OK
454	innovpu/innovpu_internal.h	innovpu/innovpu_internal.h	identical	UNASSIGNED	OK
455	modules_config.sh	modules_config.sh	identical	UNASSIGNED	OK
456	test_item.sh	test_item.sh	identical	UNASSIGNED	OK
457	tools	tools	identical	UNASSIGNED	OK
458	tools/Makefile	tools/Makefile	identical	UNASSIGNED	OK
459	tools/gpu_info	tools/gpu_info	identical	UNASSIGNED	OK
460	tools/gpu_info/.gpu_info.o.cmd	tools/gpu_info/.gpu_info.o.cmd	identical	UNASSIGNED	OK
461	tools/gpu_info/.gpu_info_innoml.o.cmd	tools/gpu_info/.gpu_info_innoml.o.cmd	identical	UNASSIGNED	OK
462	tools/gpu_info/.gpu_info_y8.o.cmd	tools/gpu_info/.gpu_info_y8.o.cmd	identical	UNASSIGNED	OK
463	tools/gpu_info/.kgc_gpu_info.o.cmd	tools/gpu_info/.kgc_gpu_info.o.cmd	identical	UNASSIGNED	OK
464	tools/gpu_info/gpu_info.c	tools/gpu_info/gpu_info.c	identical	UNASSIGNED	OK
465	tools/gpu_info/gpu_info.h	tools/gpu_info/gpu_info.h	identical	UNASSIGNED	OK
466	tools/gpu_info/gpu_info_innoml.c	tools/gpu_info/gpu_info_innoml.c	identical	UNASSIGNED	OK
467	tools/gpu_info/gpu_info_innoml.h	tools/gpu_info/gpu_info_innoml.h	identical	UNASSIGNED	OK
468	tools/gpu_info/gpu_info_innoml_km.h	tools/gpu_info/gpu_info_innoml_km.h	identical	UNASSIGNED	OK
469	tools/gpu_info/gpu_info_y8.c	tools/gpu_info/gpu_info_y8.c	identical	UNASSIGNED	OK
470	tools/gpu_info/gpu_info_y8.h	tools/gpu_info/gpu_info_y8.h	identical	UNASSIGNED	OK
471	tools/gpu_info/kgc_gpu_info.c	tools/gpu_info/kgc_gpu_info.c	identical	UNASSIGNED	OK
472	tools/gpu_info/kgc_gpu_info.h	tools/gpu_info/kgc_gpu_info.h	identical	UNASSIGNED	OK
473	tools/kernel_api_support_test	tools/kernel_api_support_test	identical	UNASSIGNED	OK
474	tools/kernel_api_support_test/Makefile	tools/kernel_api_support_test/Makefile	identical	UNASSIGNED	OK
475	tools/kernel_api_support_test/kernel_api_support_test.c	tools/kernel_api_support_test/kernel_api_support_test.c	identical	UNASSIGNED	OK
476	Kbuild	Kbuild	differs	UNASSIGNED	OK
477	innogpu/hal.h	innogpu/hal.h	differs	UNASSIGNED	OK
478	innogpu/hal_power.c	innogpu/hal_power.c	differs	UNASSIGNED	OK
479	innogpu/inno_drm.c	innogpu/inno_drm.c	differs	UNASSIGNED	OK
480	innogpu/inno_mm.c	innogpu/inno_mm.c	differs	UNASSIGNED	OK
481	innogpu/inno_pci.c	innogpu/inno_pci.c	differs	UNASSIGNED	OK
482	innogpu/inno_task.c	innogpu/inno_task.c	differs	UNASSIGNED	OK
483	innogpu/inno_uuid.c	innogpu/inno_uuid.c	differs	UNASSIGNED	OK
484	innogpu/innogpu.o_shipped	innogpu/innogpu.o_shipped	differs	UNASSIGNED	OK
485	innogpu/innogpu_pci_drv.c	innogpu/innogpu_pci_drv.c	differs	UNASSIGNED	OK
486	innopmbus/innopmbus_drv.c	innopmbus/innopmbus_drv.c	differs	UNASSIGNED	OK
487	innopower/inno_devfreq_gov.c	innopower/inno_devfreq_gov.c	differs	UNASSIGNED	OK
488	innosmmu/innosmmu_drv.c	innosmmu/innosmmu_drv.c	differs	UNASSIGNED	OK
489	innosrvkm/gen_g3_ne_hdmi.c	innosrvkm/gen_g3_ne_hdmi.c	differs	UNASSIGNED	OK
490	innosrvkm/include/innodpu_compatibility.h	innosrvkm/include/innodpu_compatibility.h	differs	UNASSIGNED	OK
491	innosrvkm/include/innodpu_drm_gem.h	innosrvkm/include/innodpu_drm_gem.h	differs	UNASSIGNED	OK
492	innosrvkm/include/pvr_fence_trace.h	innosrvkm/include/pvr_fence_trace.h	differs	UNASSIGNED	OK
493	innosrvkm/include/rogue_trace_events.h	innosrvkm/include/rogue_trace_events.h	differs	UNASSIGNED	OK
494	innosrvkm/innodpu_connector.c	innosrvkm/innodpu_connector.c	differs	UNASSIGNED	OK
495	innosrvkm/innodpu_dp.c	innosrvkm/innodpu_dp.c	differs	UNASSIGNED	OK
496	innosrvkm/innodpu_dp_debugfs.c	innosrvkm/innodpu_dp_debugfs.c	differs	UNASSIGNED	OK
497	innosrvkm/innodpu_drm_fb.c	innosrvkm/innodpu_drm_fb.c	differs	UNASSIGNED	OK
498	innosrvkm/innodpu_drm_gem.c	innosrvkm/innodpu_drm_gem.c	differs	UNASSIGNED	OK
499	innosrvkm/innodpu_drm_modeset.c	innosrvkm/innodpu_drm_modeset.c	differs	UNASSIGNED	OK
500	innosrvkm/innodpu_hdmi.c	innosrvkm/innodpu_hdmi.c	differs	UNASSIGNED	OK
501	innosrvkm/innodpu_panel_backlight.c	innosrvkm/innodpu_panel_backlight.c	differs	UNASSIGNED	OK
502	innosrvkm/innodpu_vga.c	innosrvkm/innodpu_vga.c	differs	UNASSIGNED	OK
503	innosrvkm/innogpu_drm.c	innosrvkm/innogpu_drm.c	differs	UNASSIGNED	OK
504	innosrvkm/pdp0_crtc.c	innosrvkm/pdp0_crtc.c	differs	UNASSIGNED	OK
505	innosrvkm/pvr_drm.c	innosrvkm/pvr_drm.c	differs	UNASSIGNED	OK
506	innosrvkm/pvr_dvfs_device.c	innosrvkm/pvr_dvfs_device.c	differs	UNASSIGNED	OK
507	innovpu/innovpu_drv.c	innovpu/innovpu_drv.c	differs	UNASSIGNED	OK
508		innogpu/compat_kernel6.h	D_stage-only	UNASSIGNED	OK
